time_ms,value,temperature_C
3742,255,24.50
3882,256,24.50
4024,256,24.50
4165,256,24.50
4307,255,24.50
4449,256,24.50
4591,255,24.50
4733,256,24.50
4875,256,24.50
5016,256,24.50
5158,256,24.50
5300,256,24.50
5446,255,24.50
5588,256,24.50
5730,255,24.50
5872,257,24.50
6014,257,24.50
6155,256,24.50
6297,256,24.50
6439,256,24.50
6581,256,24.50
6723,255,24.50
6864,255,24.50
7006,257,24.50
7148,256,24.50
7290,256,24.50
7432,257,24.50
7574,256,24.50
7715,256,24.50
7857,255,24.50
7999,255,24.50
8143,256,24.50
8285,256,24.50
8427,256,24.50
8569,256,24.50
8711,256,24.50
8853,256,24.50
8995,256,24.50
9137,256,24.50
9281,256,24.50
9422,255,24.50
9564,255,24.50
9706,256,24.50
9848,255,24.50
9990,256,24.50
10132,256,24.50
10274,256,24.50
10416,256,24.50
10558,256,24.50
10700,256,24.50
10842,256,24.50
10984,256,24.50
11125,256,24.50
11267,255,24.50
11409,255,24.50
11551,256,24.50
11693,255,24.50
11835,256,24.50
11977,256,24.50
12119,256,24.50
12261,256,24.50
12403,256,24.50
12548,256,24.50
12689,256,24.50
12831,256,24.50
12973,256,24.50
13115,256,24.50
13259,256,24.50
13401,257,24.50
13543,255,24.50
13685,256,24.50
13827,255,24.50
13969,256,24.50
14111,257,24.50
14253,256,24.50
14394,256,24.50
14536,256,24.50
14678,256,24.50
14820,256,24.50
14962,256,24.50
15104,255,24.50
15246,256,24.50
15388,256,24.50
15530,256,24.50
15672,256,24.50
15814,255,24.50
15956,256,24.50
16098,256,24.50
16240,255,24.50
16382,255,24.50
16523,256,24.50
16665,256,24.50
16810,256,24.50
16952,256,24.50
17095,255,24.50
17237,255,24.50
17379,257,24.50
17521,256,24.50
17663,256,24.50
17805,255,24.50
17947,255,24.50
18089,256,24.50
18231,256,24.50
18373,256,24.50
18515,256,24.50
18657,256,24.50
18798,256,24.50
18940,256,24.50
19082,256,24.50
19224,256,24.50
19366,256,24.50
19508,255,24.50
19650,256,24.50
19792,256,25.00
19934,256,24.50
20076,256,24.50
20217,256,24.50
20359,256,24.50
20501,256,24.50
20643,256,24.50
20785,256,24.50
20927,255,24.50
21074,256,24.50
21215,256,24.50
21357,256,24.50
21499,256,25.00
21641,255,24.50
21783,256,25.00
21925,256,24.50
22067,256,24.50
22209,255,24.50
22351,256,25.00
22493,256,25.00
22635,256,24.50
22776,256,24.50
22918,256,24.50
23060,255,25.00
23202,256,25.00
23344,256,24.50
23486,256,25.00
23628,255,24.50
23770,256,25.00
23912,256,25.00
24054,255,24.50
24196,255,24.50
24337,256,25.00
24479,255,25.00
24621,256,25.00
24763,256,25.00
24905,256,25.00
25049,255,24.50
25191,256,25.00
25335,256,25.00
25477,255,25.00
25619,255,25.00
25761,256,25.00
25903,256,24.50
26045,255,25.00
26187,256,25.00
26329,256,24.50
26471,256,25.00
26613,256,24.50
26755,255,25.00
26896,256,25.00
27038,257,24.50
27180,256,25.00
27322,256,24.50
27464,256,25.00
27606,256,25.00
27748,255,24.50
27890,256,25.00
28032,256,25.00
28174,256,25.00
28316,256,25.00
28458,255,25.00
28600,256,25.00
28742,256,25.00
28885,256,25.00
29027,255,25.00
29169,255,24.50
29311,255,25.00
29453,256,25.00
29598,256,25.00
29740,256,25.00
29882,255,25.00
30023,256,25.00
30165,256,25.00
30307,255,25.00
30449,256,25.00
30591,256,25.00
30733,256,25.00
30875,256,25.00
31017,256,25.00
31159,256,25.00
31301,256,25.00
31443,256,25.00
31585,256,25.00
31727,256,25.00
31869,256,25.00
32011,256,25.00
32152,256,25.00
32294,256,25.00
32436,256,25.00
32578,256,25.00
32720,255,25.00
32864,255,25.00
33006,256,25.00
33147,256,25.00
33289,255,25.00
33431,256,25.00
33573,256,25.00
33715,256,25.00
33860,255,25.00
34002,256,25.00
34143,255,25.00
34285,256,25.00
34427,255,25.00
34569,255,25.00
34711,256,25.00
34852,256,25.00
34994,257,25.00
35136,256,25.00
35278,256,25.00
35419,256,25.00
35561,256,25.00
35703,255,25.00
35845,257,25.00
35987,256,25.00
36128,256,25.00
36270,256,25.00
36412,256,25.00
36554,256,25.00
36698,255,25.00
36839,256,25.00
36981,256,25.00
37123,256,25.00
37265,256,25.00
37406,256,25.00
37548,256,25.00
37690,256,25.00
37832,256,25.00
37974,256,25.00
38118,255,25.00
38260,257,25.00
38402,256,25.00
38543,256,25.00
38685,255,25.00
38827,256,25.00
38969,256,25.00
39111,255,25.00
39252,256,25.00
39394,256,25.00
39536,256,25.00
39678,256,25.00
39819,256,25.00
39961,257,25.00
40103,255,25.00
40245,255,25.00
40387,256,25.00
40529,256,25.00
40672,256,25.00
40814,256,25.00
40956,256,25.00
41098,255,25.00
41239,256,25.00
41381,255,25.00
41523,255,25.00
41665,256,25.00
41806,256,25.00
41948,256,25.00
42090,256,25.00
42232,255,25.00
42374,256,25.00
42514,256,25.00
42655,256,25.00
42797,256,25.00
42939,255,25.00
43081,256,25.00
43223,256,25.00
43365,256,25.00
43507,255,25.00
43649,255,25.00
43791,256,25.00
43933,256,25.00
44075,255,25.00
44217,256,25.00
44359,256,25.00
44501,256,25.00
44644,256,25.00
44786,256,25.00
44928,256,25.00
45070,255,25.00
45212,256,25.00
45354,256,25.00
45496,255,25.00
45638,256,25.00
45780,256,25.00
45922,256,25.00
46064,256,25.00
46206,256,25.00
46347,255,25.00
46489,256,25.00
46631,256,25.00
46776,256,25.00
46918,257,25.00
47060,255,25.00
47202,256,25.00
47344,256,25.00
47486,256,25.00
47628,256,25.00
47770,256,25.00
47911,255,25.00
48053,256,25.00
48195,256,25.00
48337,256,25.00
48479,256,25.00
48623,256,25.00
48765,256,25.00
48907,256,25.00
49049,256,25.00
49190,256,25.00
49332,256,25.00
49474,256,25.00
49616,256,25.00
49758,256,25.00
49900,255,25.00
50042,256,25.00
50184,255,25.00
50326,256,25.00
50468,256,25.00
50610,256,25.00
50752,256,25.00
50894,256,25.00
51038,256,25.00
51180,256,25.00
51322,256,25.00
51464,256,25.00
51606,256,25.00
51748,256,25.00
51890,257,25.00
52032,256,25.00
52174,255,25.00
52316,255,25.00
52459,255,25.00
52601,256,25.00
52743,256,25.00
52885,256,25.00
53027,256,25.00
53169,256,25.00
53311,256,25.00
53452,256,25.00
53594,256,25.00
53736,256,25.00
53878,256,25.00
54020,256,25.00
54162,256,25.00
54304,257,25.00
54446,255,25.00
54588,256,25.00
54730,255,25.00
54872,257,25.00
55014,257,25.00
55155,256,25.00
55300,256,25.00
55442,256,25.00
55584,254,25.00
55726,255,25.00
55868,256,25.00
56009,256,25.00
56151,256,25.00
56293,256,25.00
56437,256,25.00
56579,256,25.00
56721,255,25.00
56863,256,25.00
57005,256,25.00
57147,256,25.00
57289,256,25.00
57430,256,25.00
57572,255,25.00
57714,256,25.00
57856,26,25.00
57998,256,25.00
58140,256,25.00
58282,257,25.00
58424,256,25.00
58566,256,25.00
58708,256,25.00
58850,256,25.00
58992,256,25.00
59133,256,25.00
59275,255,25.00
59417,256,25.00
59562,256,25.00
59704,255,25.00
59846,256,25.00
59988,256,25.00
60129,256,25.00
60273,256,25.00
60415,256,25.00
60557,256,25.00
60699,256,25.00
60841,255,25.00
60983,256,25.00
61125,256,25.00
61267,256,25.00
61409,256,25.00
61551,256,25.00
61693,256,25.00
61834,256,25.00
61976,256,25.00
62118,256,25.00
62260,256,25.00
62402,256,25.00
62544,256,25.00
62686,256,25.00
62828,256,25.00
62970,256,25.00
63112,256,25.00
63254,256,25.00
63396,256,25.00
63538,255,25.00
63680,256,25.00
63824,256,25.00
63966,256,25.00
64108,255,25.00
64252,256,25.00
64394,256,25.00
64535,255,25.00
64677,256,25.00
64819,255,25.00
64961,255,25.00
65103,256,25.00
65245,256,25.00
65387,256,25.00
65529,256,25.00
65671,255,25.00
65813,256,25.00
65955,256,25.00
66097,255,25.00
66239,256,25.00
66381,256,25.00
66522,256,25.00
66664,257,25.00
66806,256,25.00
66948,256,25.00
67090,256,25.00
67232,256,25.00
67374,256,25.00
67516,256,25.00
67658,255,25.00
67800,256,25.00
67942,257,25.00
68088,256,25.00
68230,256,25.00
68372,256,25.00
68513,257,25.00
68655,257,25.00
68797,256,25.00
68939,256,25.00
69081,256,25.00
69222,256,25.00
69364,256,25.00
69506,256,25.00
69648,255,25.00
69790,256,25.00
69932,257,25.00
70073,257,25.00
70215,255,25.00
70357,257,25.00
70499,257,25.00
70640,256,25.00
70782,256,25.00
70924,256,25.00
71066,256,25.00
71208,256,25.00
71349,256,25.00
71491,257,25.00
71633,257,25.00
71775,257,25.00
71917,256,25.00
72060,256,25.00
72202,256,25.00
72347,256,25.00
72488,256,25.00
72630,256,25.00
72772,256,25.00
72914,255,25.00
73055,256,25.00
73197,256,25.00
73339,256,25.00
73481,256,25.00
73623,256,25.00
73764,256,25.00
73906,256,25.00
74048,256,25.00
74190,255,25.00
74332,256,25.00
74474,257,25.00
74615,256,25.00
74757,256,25.00
74899,256,25.00
75041,256,25.00
75182,256,25.00
75324,256,25.00
75466,256,25.00
75608,256,25.00
75750,256,25.00
75891,256,25.00
76035,256,25.00
76177,256,25.00
76319,256,25.00
76460,256,25.00
76605,256,25.00
76747,256,25.00
76889,256,25.00
77031,256,25.00
77173,256,25.00
77314,256,25.00
77456,255,25.00
77598,256,25.00
77740,256,25.00
77882,256,25.00
78024,256,25.00
78166,256,25.00
78308,256,25.00
78450,256,25.00
78592,256,25.00
78734,256,25.00
78876,256,25.00
79018,255,25.00
79160,257,25.00
79302,257,25.00
79443,255,25.00
79585,255,25.00
79727,256,25.00
79869,257,25.00
80013,256,25.00
80155,256,25.00
80297,256,25.00
80439,256,25.00
80581,257,25.00
80722,256,25.00
80864,256,25.00
81009,257,25.00
81151,256,25.00
81293,256,25.00
81435,256,25.00
81577,257,25.00
81719,256,25.00
81861,256,25.00
82002,256,25.00
82144,256,25.00
82286,256,25.00
82428,256,25.00
82570,256,25.00
82712,255,25.00
82854,256,25.00
82996,257,25.00
83138,256,25.00
83280,256,25.00
83422,263,25.00
83564,280,25.00
83706,299,25.00
83849,317,25.00
83991,335,25.00
84133,352,25.00
84275,370,25.00
84417,387,25.00
84559,405,25.00
84701,422,25.00
84843,439,25.00
84985,456,25.00
85127,473,25.00
85271,491,25.00
85413,508,25.00
85555,526,25.00
85697,542,25.00
85839,560,25.00
85981,578,25.00
86123,595,25.00
86265,612,25.00
86407,629,25.00
86548,647,25.00
86690,665,25.50
86832,681,25.50
86974,698,25.50
87116,716,25.50
87258,733,25.50
87400,751,25.50
87542,768,25.50
87684,785,25.50
87828,802,25.50
87970,819,25.50
88112,836,25.50
88254,851,25.50
88396,869,25.50
88538,885,25.50
88680,902,25.50
88822,918,25.50
88964,932,25.50
89106,949,25.50
89248,964,25.50
89390,979,25.50
89535,996,25.50
89677,1009,25.50
89819,1023,25.50
89961,1023,25.50
90103,1023,25.50
90245,1023,25.50
90387,1023,25.50
90529,1023,25.50
90671,1023,25.50
90813,1023,25.50
90955,1023,25.50
91097,1023,25.50
91239,1023,25.50
91381,1023,26.00
91523,1023,26.00
91666,1023,26.00
91808,1023,26.00
91950,1023,26.00
92092,1023,26.00
92234,1023,26.00
92376,1023,26.00
92518,1023,26.00
92660,1023,26.00
92802,1023,26.00
92944,1023,26.00
93086,1023,26.00
93228,1023,26.00
93370,1023,26.00
93515,1023,26.00
93657,1023,26.00
93799,1023,26.00
93941,1023,26.00
94083,1023,26.00
94225,1023,26.00
94367,1023,26.00
94509,1023,26.00
94651,1023,26.00
94793,1023,26.00
94935,1023,26.00
95077,1023,26.00
95219,1023,26.00
95361,1023,26.00
95503,1023,26.00
95647,1023,26.00
95789,1023,26.00
95931,1023,26.00
96073,1023,26.00
96215,1023,26.00
96357,1023,26.00
96499,1023,26.00
96641,1023,26.00
96783,1023,26.00
96925,1023,26.00
97067,1023,26.00
97209,1023,26.00
97351,1023,26.00
97493,1023,26.50
97637,1023,26.50
97779,1023,26.50
97921,1023,26.50
98063,1023,26.50
98205,1023,26.50
98347,1023,26.50
98489,1023,26.50
98632,1023,26.50
98774,1023,26.50
98916,1023,26.50
99058,1023,26.50
99200,1023,26.50
99342,1023,26.50
99485,1023,26.50
99627,1023,26.50
99769,1023,26.50
99911,1023,26.50
100053,1023,26.50
100195,1023,26.50
100337,1023,26.50
100479,1023,26.50
100621,1023,26.50
100764,1023,26.50
100906,1023,26.50
101048,1023,26.50
101190,1023,26.50
101332,1023,26.50
101474,1023,26.50
101618,1023,26.50
101760,1023,26.50
101902,1023,26.50
102044,1023,26.50
102186,1023,26.50
102328,1023,26.50
102469,1023,26.50
102611,1023,26.50
102753,1023,26.50
102895,1023,26.50
103037,1023,26.50
103179,1023,26.50
103321,1023,26.50
103465,1023,26.50
103607,1023,26.50
103748,1023,26.50
103890,1023,26.50
104032,1023,26.50
104174,1023,26.50
104316,1023,26.50
104458,1023,26.50
104600,1023,26.50
104741,1023,26.50
104883,1023,26.50
105025,1023,26.50
105167,1023,26.50
105309,1023,26.50
105454,1023,26.50
105595,1023,26.50
105737,1023,26.50
105879,1023,26.50
106021,1023,26.50
106163,1023,26.50
106305,1023,26.50
106447,1023,26.50
106589,1023,26.50
106730,1023,26.50
106872,1023,26.50
107014,1023,26.50
107156,1023,26.50
107298,1023,26.50
107442,1023,26.50
107584,1023,26.50
107726,1023,26.50
107867,1023,26.50
108009,1023,26.50
108151,1023,26.50
108293,1023,26.50
108435,1023,26.50
108577,1023,26.50
108719,1023,26.50
108861,1023,26.50
109002,1023,26.50
109144,1023,26.50
109289,1023,26.50
109431,1023,26.50
109573,023,26.50
109715,1023,26.50
109857,1023,26.50
109999,1023,26.50
110141,1023,26.50
110283,1023,26.50
110425,1023,26.50
110567,1023,26.50
110709,1023,26.50
110851,1023,27.00
110993,1023,26.50
111135,1023,26.50
111279,1023,26.50
111421,1023,27.00
111563,1023,26.50
111705,1023,26.50
111847,1023,26.50
111989,1023,27.00
112131,1023,26.50
112273,1023,26.50
112415,1023,27.00
112566,1023,27.00
112720,1023,27.00
112868,1023,27.00
113015,1023,27.00
113161,1023,27.00
113308,1023,27.00
113457,1023,27.00
113605,1023,27.00
113753,1023,27.00
113901,1023,27.00
114059,1023,27.00
114201,1023,27.00
114343,1023,27.00
114485,1023,27.00
114628,1023,27.00
114770,1023,27.00
114912,1023,27.00
115054,1023,27.00
115196,1023,27.00
115343,1023,27.00
115485,1023,27.00
115627,1023,27.00
115769,1023,27.00
115911,1023,27.00
116053,1023,27.00
116195,1023,27.00
116337,1023,27.00
116479,1023,27.00
116621,1023,27.00
116763,1023,27.00
116907,1023,27.00
117049,1023,27.00
117191,1023,27.00
117333,1023,27.00
117475,1023,27.00
117617,1023,27.00
117759,1023,27.00
117901,1023,27.00
118043,1023,27.00
118185,1023,27.00
118327,1023,27.00
118469,1023,27.00
118611,1023,27.00
118753,1023,27.00
118895,1023,27.00
119037,1023,27.00
119181,1023,27.00
119323,1023,27.00
119465,1023,27.00
119607,1023,27.00
119749,1023,27.00
119891,1023,27.00
120033,1023,27.00
120175,1023,27.00
120317,1023,27.00
120459,1023,27.00
120601,1023,27.00
120746,1023,27.00
120888,1023,27.00
121030,1023,27.00
121172,1023,27.00
121314,1023,27.00
121456,1023,27.00
121598,1023,27.00
121740,1023,27.00
121882,1023,27.00
122024,1023,27.00
122166,1023,27.00
122308,1023,27.00
122450,1023,27.00
122592,1023,27.00
122733,1023,27.00
122875,1023,27.00
123019,1023,27.00
123161,1023,27.00
123303,1023,27.00
123445,1023,27.00
123587,1023,27.00
123729,1023,27.00
123871,1023,27.00
124013,1023,27.00
124155,1023,27.00
124297,1023,27.00
124439,1023,27.00
124584,1023,27.00
124726,1023,27.00
124868,1023,27.00
125010,1023,27.00
125152,1023,27.00
125294,1023,27.00
125436,1023,27.00
125578,1023,27.00
125720,1023,27.00
125862,1023,27.00
126004,1023,27.00
126146,1023,27.00
126288,1023,27.00
126430,1023,27.00
126572,1023,27.00
126714,1023,27.00
126858,1023,27.00
127000,1023,27.00
127142,1023,27.00
127284,1023,27.00
127426,1023,27.00
127568,1023,27.00
127710,1009,27.00
127852,863,27.00
127994,745,27.00
128136,648,27.00
128278,567,27.00
128420,499,27.00
128560,445,27.00
128702,398,27.00
128844,360,27.00
128986,331,26.50
129128,307,26.50
129270,291,26.50
129412,278,26.50
129554,269,26.50
129696,264,26.50
129838,261,26.50
129980,259,26.50
130122,258,26.50
130264,258,26.50
130406,258,26.50
130548,258,26.50
130692,256,26.50
130834,257,26.50
130976,256,26.50
131118,257,26.50
131260,257,26.50
131402,257,26.50
131544,256,26.50
131686,256,26.50
131828,256,26.50
131970,256,26.50
132112,256,26.50
132254,256,26.50
132396,257,26.50
132540,257,26.50
132682,259,26.50
132824,260,27.00
132966,262,26.50
133108,263,26.50
133250,264,26.50
133392,266,26.50
133533,267,26.50
133675,267,26.50
133817,268,26.50
133959,269,26.50
134101,270,26.50
134243,271,26.50
134385,271,27.00
134528,273,26.50
134670,273,26.50
134812,273,26.50
134954,275,27.00
135096,275,26.50
135238,275,26.50
135380,276,26.50
135522,277,26.50
135663,276,27.00
135805,277,27.00
135947,278,27.00
136089,277,26.50
136231,279,27.00
136373,279,27.00
136517,279,27.00
136659,279,26.50
136801,280,26.50
136943,280,26.50
137085,280,27.00
137227,280,26.50
137369,280,27.00
137510,281,27.00
137652,281,27.00
137794,281,27.00
137936,281,27.00
138078,282,27.00
138220,282,27.00
138362,282,27.00
138505,282,27.00
138647,282,27.00
138789,283,27.00
138931,283,27.00
139073,282,27.00
139215,283,27.00
139357,283,27.00
139499,282,27.00
139640,283,27.00
139782,283,27.00
139924,284,27.00
140066,284,27.00
140208,284,27.00
140350,283,27.00
140492,283,27.00
140636,284,27.00
140778,284,27.00
140920,285,27.00
141062,283,27.00
141204,284,27.00
141346,284,27.00
141488,284,27.00
141630,283,27.00
141772,284,27.00
141914,285,27.00
142056,284,27.00
142198,284,27.00
142342,284,27.00
142484,284,27.00
142626,284,27.00
142768,284,27.00
142910,284,27.00
143052,284,27.00
143194,284,27.00
143336,284,27.00
143478,285,27.00
143620,285,27.00
143762,285,27.00
143904,285,27.00
144046,286,27.00
144188,284,27.00
144330,284,27.00
144472,285,27.00
144617,285,27.00
144759,285,27.00
144901,284,27.00
145043,284,27.00
145185,285,27.00
145327,285,27.00
145469,285,27.00
145611,284,27.00
145753,285,27.00
145895,284,27.00
146037,285,27.00
146181,285,27.00
146323,285,27.00
146465,285,27.00
146607,285,27.00
146749,285,27.00
146890,285,27.00
147032,285,27.00
147174,284,27.00
147316,285,27.00
147458,285,27.00
147600,285,27.00
147742,284,27.00
147884,285,27.00
148027,285,27.00
148169,285,27.00
148311,285,27.00
148453,285,27.00
148595,285,27.00
148739,285,27.00
148881,285,27.00
149023,285,27.00
149165,286,27.00
149307,285,27.00
149449,285,27.00
149591,285,27.00
149733,285,27.00
149875,285,27.00
150019,285,27.00
150161,285,27.00
150303,285,27.00
150445,284,27.00
150587,285,27.00
150729,285,27.00
150871,285,27.00
151013,285,27.00
151155,285,27.00
151297,285,27.00
151439,286,27.00
151581,286,27.00
151723,286,27.00
151865,285,27.00
152007,285,27.00
152149,285,27.00
152291,285,27.00
152433,285,27.00
152575,286,27.00
152719,285,27.00
152861,285,27.00
153003,285,27.00
153145,285,27.00
153287,285,27.00
153429,284,27.00
153571,285,27.00
153713,285,27.00
153857,285,27.00
153999,285,27.00
154141,285,27.00
154283,284,27.00
154425,284,27.00
154567,285,27.00
154709,285,27.00
154851,286,27.00
154993,285,27.00
155135,285,27.00
155277,285,27.00
155419,286,27.00
155561,286,27.00
155703,285,27.00
155845,285,27.00
155987,285,27.00
156129,285,27.00
156271,285,27.00
156413,285,27.00
156555,285,27.00
156697,285,27.00
156841,285,27.00
156983,285,27.00
157125,285,27.00
157267,285,27.00
157410,286,27.00
157551,286,27.00
157695,285,27.00
157837,285,27.00
157979,285,27.00
158121,285,27.00
158263,285,27.00
158405,285,27.00
158547,286,27.00
158689,285,27.00
158831,285,27.00
158973,285,27.00
159115,285,27.00
159257,285,27.00
159399,286,27.00
159541,285,27.00
159683,285,27.00
159825,285,27.00
159967,286,27.00
160109,285,27.00
160251,286,27.00
160393,286,27.00
160535,285,27.00
160677,285,27.00
160822,285,27.00
160964,285,27.00
161106,285,27.00
161248,285,27.00
161390,284,27.00
161534,285,27.00
161676,285,27.00
161818,285,27.00
161960,285,27.00
162102,285,27.00
162244,286,27.00
162386,285,27.00
162528,286,27.00
162670,285,27.00
162812,285,27.00
162954,285,27.00
163096,285,27.00
163238,285,27.00
163380,286,27.00
163522,285,27.00
163664,285,27.00
163806,285,27.00
163948,285,27.00
164090,286,27.00
164232,286,27.00
164374,285,27.00
164516,285,27.00
164658,285,27.00
164800,285,27.00
164940,285,27.00
165081,285,27.00
165223,285,27.00
165367,286,27.00
165509,285,27.00
165651,285,27.00
165793,286,27.00
165935,286,27.00
166076,285,27.00
166218,285,27.00
166360,285,27.00
166502,285,27.00
166644,278,27.00
166786,263,27.00
166928,257,27.00
167070,256,27.00
167211,256,27.00
167353,256,27.00
167495,257,27.00
167637,257,27.00
167779,257,27.00
167921,257,27.00
168063,257,27.00
168205,258,27.00
168346,258,27.00
168488,257,27.00
168630,258,27.00
168772,258,27.00
168917,259,27.00
169058,258,27.00
169200,258,27.00
169344,260,27.00
169486,259,27.00
169628,259,27.00
169769,258,27.00
169911,257,27.00
170053,257,27.00
170195,257,27.00
170337,255,27.00
170479,256,27.00
170621,256,27.00
170763,255,27.00
170905,256,27.00
171047,256,27.00
171188,256,27.00
171330,256,27.00
171472,256,27.00
171614,256,27.00
171756,256,27.00
171898,257,27.00
172040,255,27.00
172181,256,27.00
172323,256,27.00
172465,256,27.00
172607,255,27.00
172749,256,27.00
172894,256,27.00
173036,256,27.00
173179,255,27.00
173321,256,27.00
173463,255,27.00
173605,255,27.00
173747,256,27.00
173889,256,27.00
174031,256,27.00
174173,256,27.00
174315,255,27.00
174457,256,27.00
174599,256,27.00
174741,256,27.00
174883,256,27.00
175025,255,27.00
175167,256,27.00
175310,255,27.00
175452,255,27.00
175594,255,27.00
175735,256,27.00
175877,255,27.00
176019,256,27.00
176161,256,27.00
176303,256,27.00
176445,256,27.00
176587,256,27.00
176729,255,27.00
176871,256,27.00
177018,256,27.00
177160,256,27.00
177302,256,27.00
177444,256,27.00
177586,256,27.00
177728,255,27.00
177870,256,27.00
178012,256,27.00
178154,256,27.00
178296,255,27.00
178438,256,27.00
178580,256,27.00
178722,256,27.00
178864,255,27.00
179006,256,27.00
179148,256,27.00
179290,255,27.00
179432,256,27.00
179574,255,27.00
179716,257,27.00
179858,255,27.00
180000,256,27.00
180142,256,27.00
180284,256,27.00
180426,257,27.00
180568,256,27.00
180710,255,27.00
180854,256,27.00
180998,256,27.00
181140,256,27.00
181282,256,27.00
181424,256,27.00
181566,256,27.00
181708,256,27.00
181850,256,27.00
181992,256,27.00
182134,256,27.00
182276,256,27.00
182418,256,27.00
182560,255,27.00
182702,256,27.00
182844,256,27.00
182986,256,27.00
183128,256,27.00
183270,256,27.00
183412,255,27.00
183554,256,27.00
183696,256,27.00
183838,256,27.00
183980,255,27.00
184122,256,27.00
184264,255,27.00
184406,256,27.00
184548,255,27.00
184692,255,27.00
184834,256,27.00
184976,256,27.00
185121,255,27.00
185263,256,27.00
185405,255,27.00
185547,256,27.00
185689,256,27.00
185831,256,27.00
185973,256,27.00
186115,256,27.00
186257,256,27.00
186399,256,27.00
186541,256,27.00
186683,256,27.00
186825,256,27.00
186967,256,27.00
187109,256,27.00
187251,256,27.00
187392,256,27.00
187534,256,27.00
187676,256,27.00
187818,255,27.00
187960,256,27.00
188102,256,27.00
188244,256,27.00
188386,256,27.00
188530,256,27.00
188672,256,27.00
188814,255,27.00
188956,256,27.00
189101,256,27.00
189243,256,27.00
189385,256,27.00
189527,257,27.00
189669,257,27.00
189811,255,27.00
189953,255,27.00
190095,255,27.00
190237,256,27.00
190379,256,27.00
190521,255,27.00
190663,255,27.00
190805,255,27.00
190947,255,27.00
191089,256,27.00
191231,256,27.00
191373,256,27.00
191515,256,27.00
191657,256,27.00
191799,256,27.00
191941,255,27.00
192083,256,27.00
192225,256,27.00
192369,256,27.00
192511,256,27.00
192653,256,27.00
192795,255,27.00
192937,256,27.00
193079,256,27.00
193224,256,27.00
193365,256,27.00
193507,256,27.00
193649,255,27.00
193791,256,27.00
193933,256,27.00
194075,256,27.00
194217,256,27.00
194359,256,27.00
194501,255,27.00
194643,255,27.00
194785,255,27.00
194927,256,27.00
195069,256,27.00
195212,256,27.00
195354,256,27.00
195496,256,27.00
195638,256,27.00
195780,256,27.00
195922,256,27.00
196064,256,27.00
196207,256,27.00
196349,255,27.00
196491,255,27.00
196633,256,27.00
196775,256,27.00
196917,256,27.00
197059,256,27.00
197204,256,27.00
197346,256,27.00
197488,256,27.00
197630,256,27.00
197771,255,27.00
197913,256,27.00
198055,256,27.00
198197,256,27.00
198339,255,27.00
198481,256,27.00
198623,255,27.00
198764,256,27.00
198906,256,27.00
199048,256,27.00
199190,256,27.00
199332,256,27.00
199474,256,27.00
199616,256,27.00
199758,256,27.00
199900,256,27.00
200043,256,27.00
200185,257,27.00
200327,256,27.00
200509,257,27.00
200652,256,27.00
200794,256,27.00
200936,256,27.00
201078,255,27.00
201221,255,27.00
201362,256,27.00
201505,256,27.00
201647,256,27.00
201790,255,27.00
201933,256,27.00
202076,256,27.00
202218,255,27.00
202361,257,27.00
202504,257,27.00
202646,256,27.00
202789,256,27.00
202932,257,27.00
203075,257,27.00
203218,257,27.00
203361,257,27.00
203504,256,27.00
203647,256,27.00
203790,256,27.00
203933,256,27.00
204077,256,27.00
204220,256,27.00
204363,261,27.00
204506,262,27.00
3435,256,25.00
3575,256,25.00
3716,256,25.00
3858,256,25.00
4000,255,25.00
4142,256,25.00
4282,256,25.00
4423,256,25.00
4565,255,25.00
4707,256,25.00
4849,256,25.00
4991,256,25.00
5133,255,25.00
5275,255,25.00
5417,256,25.00
5559,257,25.0
5701,255,25.00
5843,256,25.00
5985,255,25.00
6127,256,25.00
6268,256,25.00
6410,256,25.00
6552,255,25.00
6699,255,25.00
6841,256,25.00
6983,256,25.00
7125,256,25.00
7266,256,25.00
7408,256,25.00
7550,256,25.00
7692,256,25.00
7834,256,25.00
7976,255,25.00
8118,255,25.00
8260,256,25.00
8402,256,25.00
8544,256,25.00
8686,256,25.00
8826,256,25.00
8967,256,25.00
9109,256,25.00
9251,256,25.00
9393,256,25.00
9535,255,25.00
9677,256,25.00
9819,256,25.00
9961,256,25.00
10103,255,25.00
10245,256,25.00
10387,256,25.00
10529,257,25.00
10673,256,25.00
10855,256,25.00
10997,255,25.00
11139,255,25.00
11282,256,25.00
11424,256,25.00
11566,255,25.00
11709,257,25.00
11851,256,25.00
11993,256,25.00
12135,256,25.00
12278,255,25.00
12420,256,25.00
12562,256,25.00
12705,256,25.00
12847,256,25.00
12989,256,25.00
13134,257,25.00
13276,256,25.00
13418,256,25.00
13561,256,25.00
13703,257,25.00
13845,256,25.00
13987,256,25.00
14130,257,25.00
14272,256,25.00
14414,256,25.00
14558,256,25.00
14701,262,25.00
14843,260,25.00
14985,261,25.00
15128,260,25.00
15270,261,25.00
15412,260,25.00
15554,260,25.00
15697,261,25.00
15839,261,25.00
15981,260,25.00
16124,260,25.00
16267,261,25.00
16410,260,25.00
16553,261,25.00
16696,260,25.00
16838,260,25.00
16982,260,25.00
17125,260,25.00
17268,261,25.00
17414,261,25.00
17557,261,25.00
17700,261,25.00
17843,260,25.00
17986,260,25.00
18129,261,25.00
18272,260,25.00
18417,260,25.00
18560,261,25.00
18703,261,25.00
18846,261,25.00
18990,261,25.00
19132,260,25.00
19276,261,25.00
19418,260,25.00
19561,261,25.00
19704,260,25.00
19847,262,25.00
19990,261,25.00
20133,261,25.00
20276,261,25.00
20419,260,25.00
20562,261,25.00
20705,260,25.00
20848,260,25.00
20992,260,25.00
21135,260,25.00
21278,261,25.00
21421,261,25.00
21565,261,25.00
21710,260,25.00
21853,261,25.00
21996,260,25.00
22140,261,25.00
22285,259,25.00
22427,260,25.00
22571,260,25.00
22714,260,25.00
22857,260,25.00
23000,260,25.00
23143,261,25.00
23286,260,25.00
23429,261,25.00
23572,260,25.00
23715,260,25.00
23858,261,25.00
24001,261,25.00
24144,262,25.00
24287,260,25.00
24430,261,25.00
24572,259,25.00
24716,261,25.00
24859,261,25.00
25002,261,25.00
25145,259,25.00
25288,260,25.00
25431,260,25.00
25574,260,25.00
25718,260,25.50
25861,261,25.00
26004,260,25.00
26151,261,25.00
26294,261,25.00
26437,260,25.00
26580,260,25.50
26723,261,25.00
26866,262,25.00
27009,261,25.00
27152,261,25.00
27295,260,25.50
27438,261,25.00
27581,260,25.00
27725,261,25.50
27868,260,25.00
28011,261,25.00
28154,261,25.50
28298,261,25.00
28441,260,25.00
28584,260,25.00
28727,261,25.00
28870,261,25.50
29013,260,25.50
29156,260,25.00
29299,260,25.00
29443,262,25.00
29586,262,25.00
29729,260,25.00
29872,260,25.00
30017,260,25.00
30160,260,25.00
30303,260,25.50
30449,261,25.00
30592,261,25.50
30736,261,25.00
30878,260,25.50
31021,260,25.50
31164,260,25.00
31307,260,25.50
31450,261,25.50
31593,261,25.50
31736,260,25.50
31879,261,25.50
32021,261,25.00
32164,261,25.00
32307,260,25.00
32450,261,25.00
32593,260,25.50
32736,261,25.00
32879,260,25.50
33022,261,25.50
33165,261,25.50
33308,260,25.50
33451,262,25.00
33594,261,25.50
33737,260,25.50
33881,260,25.50
34025,260,25.50
34169,260,25.50
34312,261,25.00
34455,260,25.50
34598,261,25.50
34744,260,25.00
34886,261,25.50
35029,260,25.50
35173,259,25.50
35316,260,25.50
35459,261,25.50
35602,260,25.50
35745,262,25.50
35887,261,25.50
36031,260,25.50
36173,261,25.50
36316,260,25.50
36460,260,25.50
36605,261,25.50
36748,261,25.50
36892,260,25.50
37036,260,25.50
37178,261,25.50
37321,260,25.50
37464,260,25.50
37607,260,25.50
37750,261,25.50
37895,260,25.50
38038,261,25.50
38181,261,25.50
38324,262,25.50
38466,261,25.50
38609,261,25.50
38752,261,25.50
38895,261,25.50
39040,261,25.50
39183,260,25.50
39326,261,25.50
39470,261,25.50
39613,261,25.50
39756,260,25.50
39898,262,25.50
40041,260,25.50
40184,261,25.50
40327,260,25.50
40470,260,25.50
40613,259,25.50
40757,261,25.50
40900,260,25.50
41043,261,25.50
41186,261,25.50
41329,261,25.50
41471,260,25.50
41615,261,25.50
41759,261,25.50
41902,260,25.50
42045,261,25.50
42189,261,25.50
42332,261,25.50
42475,259,25.50
42618,259,25.50
42761,261,25.50
42904,261,25.50
43047,261,25.50
43191,261,25.50
43337,261,25.50
43480,261,25.50
43622,260,25.50
43766,260,25.50
43909,261,25.50
44052,260,25.50
44195,261,25.50
44338,261,25.50
44481,261,25.50
44624,261,25.50
44767,260,25.50
44911,261,25.50
45054,260,25.50
45197,260,25.50
45340,260,25.50
45483,260,25.50
45628,260,25.50
45772,260,25.50
45915,259,25.50
46058,262,25.50
46201,261,25.50
46344,260,25.50
46487,261,25.50
46630,260,25.50
46774,261,25.50
46917,260,25.50
47060,261,25.50
47203,262,25.50
47346,259,25.50
47489,261,25.50
47635,260,25.50
47778,260,25.50
47921,260,25.50
48064,260,25.50
48206,261,25.50
48350,260,25.50
48493,260,25.50
48636,261,25.50
48779,260,25.50
48922,260,25.50
49065,260,25.50
49208,261,25.50
49351,261,25.50
49496,261,25.50
49639,261,25.50
49782,261,25.50
49925,261,25.50
50068,261,25.50
50211,261,25.50
50354,261,25.50
50497,260,25.50
50640,261,25.50
50783,260,25.50
50926,260,25.50
51069,261,25.50
51213,260,25.50
51356,260,25.50
51499,261,25.50
51641,261,25.50
51784,261,25.50
51930,261,25.50
52073,260,25.50
52216,261,25.50
52360,261,25.50
52503,261,25.50
52646,261,25.50
52789,261,25.50
52932,260,25.50
53075,261,25.50
53218,260,25.50
53363,260,25.50
53506,261,25.50
53649,260,25.50
53792,260,25.50
53935,260,25.50
54079,260,25.50
54222,262,25.50
54366,260,25.50
54509,260,25.50
54652,260,25.50
54796,262,25.50
54939,261,25.50
55082,261,25.50
55225,260,25.50
55368,261,25.50
55511,260,25.50
55654,261,25.50
55797,261,25.50
55940,260,25.50
56083,261,25.50
56229,260,25.50
56371,261,25.50
56514,261,25.50
56657,262,25.50
56801,260,25.50
56944,260,25.50
57087,260,25.50
57233,261,25.50
57376,261,25.50
57519,260,25.50
57662,260,25.50
57805,260,25.50
57948,261,25.50
58091,260,25.50
58234,261,25.50
58377,261,25.50
58520,260,25.50
58663,260,25.50
58806,261,25.50
58950,261,25.50
59093,260,25.50
59236,260,25.50
59379,259,25.50
59522,260,25.50
59665,261,25.50
59808,261,25.50
59951,261,25.50
60094,261,25.50
60237,261,25.50
60380,260,25.50
60523,260,25.50
60664,261,25.50
60807,261,25.50
60950,261,25.50
61095,261,25.50
61239,261,25.50
61382,261,25.50
61525,259,25.50
61668,260,25.50
61811,260,25.50
61955,262,25.50
62097,261,25.50
62241,260,25.50
62384,261,25.50
62527,260,25.50
62671,260,25.50
62814,261,25.50
62957,260,25.50
63100,261,25.50
63243,261,25.50
63387,261,25.50
63530,260,25.50
63673,259,25.50
63816,261,25.50
63959,260,25.50
64102,262,25.50
64246,261,25.50
64389,260,25.50
64532,260,25.50
64675,261,25.50
64818,260,25.50
64965,261,25.50
65108,261,25.50
65251,261,25.50
65393,259,25.50
65536,260,25.50
65679,260,25.50
65822,261,25.50
65965,261,25.50
66109,259,25.50
66252,260,25.50
66395,260,25.50
66538,260,25.50
66681,261,25.50
66825,260,25.50
66967,261,25.50
67110,260,25.50
67253,261,25.50
67395,260,25.50
67538,260,25.50
67682,261,25.50
67825,261,25.50
67968,260,25.50
68111,261,25.50
68253,260,25.50
68396,260,25.50
68539,260,25.50
68682,261,25.50
68825,261,25.50
68970,260,25.50
69113,260,25.50
69266,261,25.50
69411,260,25.50
69555,261,25.50
69700,261,25.50
69845,261,25.50
69990,260,25.50
70135,260,25.50
70280,262,25.50
70426,260,25.50
70571,261,25.50
70716,260,25.50
70861,261,25.50
71006,261,25.50
71151,260,25.50
71297,260,25.50
71441,261,25.50
71586,260,25.50
71731,261,25.50
71876,262,25.50
72021,261,25.50
72165,261,25.50
72311,261,25.50
72456,261,25.50
72601,261,25.50
72748,261,25.50
72893,260,25.50
73038,261,25.50
73183,261,25.50
73328,261,25.50
73473,260,25.50
73621,261,25.50
73766,259,25.50
73911,261,25.50
74056,261,25.50
74201,261,25.50
74346,260,25.50
74491,261,25.50
74636,262,25.50
74781,260,25.50
74926,260,25.50
75071,261,25.50
75216,259,25.50
75361,260,25.50
75506,262,25.50
75651,260,25.50
75796,261,25.50
75941,262,25.50
76086,260,25.50
76232,260,25.50
76377,261,25.50
76522,261,25.50
76669,260,25.50
76814,260,25.50
76959,261,25.50
77104,261,25.50
77250,261,25.50
77395,260,25.50
77540,260,25.50
77685,260,25.50
77830,259,25.50
77978,261,25.50
78124,260,25.50
78269,260,25.50
78414,261,25.50
78559,261,25.50
78704,261,25.50
78849,260,25.50
78994,261,25.50
79139,260,25.50
79284,261,25.50
79429,261,25.50
79575,261,25.50
79720,260,25.50
79865,260,25.50
80010,260,25.50
80156,261,25.50
80301,260,25.50
80446,262,25.50
80593,261,25.50
80738,260,25.50
80883,260,25.50
81028,260,25.50
81174,261,25.50
81319,260,25.50
81464,260,25.50
81610,261,25.50
81755,261,25.50
81900,260,25.50
82045,261,25.50
82190,260,25.50
82338,260,25.50
82483,261,25.50
82628,261,25.50
82773,261,25.50
82918,261,25.50
83064,260,25.50
83209,261,25.50
83354,261,25.50
83499,260,25.50
83644,261,25.50
83789,260,25.50
83934,260,25.50
84079,260,25.50
84224,260,25.50
84369,260,25.50
84516,261,25.50
84661,260,25.50
84806,261,25.50
84951,261,25.50
85097,261,25.50
85242,261,25.50
85387,260,25.50
85532,260,25.50
85677,261,25.50
85822,261,25.50
85968,260,25.50
86112,260,25.50
86257,260,25.50
86403,260,25.50
86548,260,25.50
86696,262,25.50
86841,261,25.50
86987,260,25.50
87132,260,25.50
87277,260,25.50
87422,260,25.50
87568,260,25.50
87712,261,25.50
87858,260,25.50
88003,261,25.50
88148,261,25.50
88293,261,25.50
88440,260,25.50
88585,261,25.50
88730,261,25.50
88875,261,25.50
89020,260,25.50
89165,260,25.50
89310,260,25.50
89455,261,25.50
89601,260,25.50
89746,260,25.50
89891,260,25.50
90036,260,25.50
90181,260,25.50
90326,260,25.50
90472,260,25.50
90617,261,25.50
90762,261,25.50
90907,260,25.50
91055,260,25.50
91200,261,25.50
91346,261,25.50
91491,260,25.50
91636,261,25.50
91781,260,25.50
91926,260,25.50
92071,260,25.50
92216,261,25.50
92363,260,25.50
92508,261,25.50
92653,260,25.50
92799,260,25.50
92944,260,25.50
93089,261,25.50
93234,260,25.50
93379,260,25.50
93525,261,25.50
93670,259,25.50
93816,261,25.50
93961,261,25.50
94107,261,25.50
94252,260,25.50
94397,261,25.50
94542,261,25.50
94687,261,25.50
94832,260,25.50
94977,260,25.50
95122,260,25.50
95267,261,25.50
95416,260,25.50
95562,260,25.50
95707,262,25.50
95852,261,25.50
95997,260,25.50
96142,261,25.50
96289,261,25.50
96434,260,25.50
96579,261,25.50
96724,259,25.50
96869,261,25.50
97014,261,25.50
97159,260,25.50
97304,260,25.50
97449,260,25.50
97594,260,25.50
97739,261,25.50
97884,261,25.50
98029,259,25.50
98214,261,25.50
98358,260,25.50
98503,261,25.50
98647,260,25.50
98791,261,25.50
98936,260,25.50
99080,261,25.50
99225,261,25.50
99369,261,25.50
99513,261,25.50
99658,261,25.50
99802,260,25.50
99949,260,25.50
100094,261,25.50
100240,260,25.50
100384,260,25.50
100528,261,25.50
100673,260,25.50
100817,261,25.50
100961,261,25.50
101106,260,25.50
101250,259,25.50
101394,260,25.50
101538,261,25.50
101683,260,25.50
101827,260,25.50
101971,260,25.50
102116,261,25.50
102260,260,25.50
102404,261,25.50
102549,261,25.50
102693,261,25.50
102837,261,25.50
102982,260,25.50
103126,261,25.50
103270,260,25.50
103414,261,25.50
103559,261,25.50
103703,260,25.50
103847,260,25.50
103994,261,25.50
104140,261,25.50
104284,261,25.50
104429,261,25.50
104573,261,25.50
104717,260,25.50
104862,260,25.50
105006,260,25.50
105150,261,25.50
105295,260,25.50
105439,261,25.50
105583,261,25.50
105728,261,25.50
105872,260,25.50
106016,261,25.50
106160,261,25.50
106305,261,25.50
106449,261,25.50
106593,260,25.50
106738,260,25.50
106882,260,25.50
107026,260,25.50
107171,261,25.50
107315,260,25.50
107459,261,25.50
107604,260,25.50
107748,260,25.50
107892,261,25.50
108036,261,25.50
108185,261,25.50
108330,260,25.50
108474,261,25.50
108618,261,25.50
108763,260,25.50
108907,260,25.50
109052,261,25.50
109196,261,25.50
109341,259,25.50
109485,260,25.50
109630,260,25.50
109774,260,25.50
109919,261,25.50
110063,260,25.50
110207,260,25.50
110352,260,25.50
110496,262,25.50
110641,261,25.50
110785,261,25.50
110929,261,25.50
111074,261,25.50
111218,261,25.50
111363,261,25.50
111507,261,25.50
111652,260,25.50
111796,260,25.50
111941,260,25.50
112087,261,25.50
112234,260,25.50
112378,261,25.50
112523,261,25.50
112667,261,25.50
112811,261,25.50
112956,260,25.50
113100,261,25.50
113245,260,25.50
113389,261,25.50
113534,261,25.50
113678,261,25.50
113822,261,25.50
113967,261,25.50
114111,260,25.50
114256,261,25.50
114400,261,25.50
114545,260,25.50
114689,261,25.50
114834,260,25.50
114978,260,25.50
115122,261,25.50
115267,260,25.50
115411,261,25.50
115556,260,25.50
115700,260,25.50
115845,261,25.50
115991,261,25.50
116135,261,25.50
116282,261,25.50
116427,261,25.50
116571,260,25.50
116716,260,25.50
116860,261,25.50
117004,262,25.50
117149,261,25.50
11293,261,25.50
117438,260,25.50
117582,260,25.50
117726,261,25.50
117871,260,25.50
118015,261,25.50
118160,260,25.50
118304,260,25.50
118449,260,25.50
118593,261,25.50
118737,260,25.50
118882,261,25.50
119026,262,25.50
119171,261,25.50
119315,261,25.50
119460,261,25.50
119604,261,25.50
119748,261,25.50
119894,260,25.50
120039,261,25.50
120183,261,25.50
120328,260,25.50
120475,261,25.50
120619,261,25.50
120764,261,25.50
120908,261,25.50
121053,260,25.50
121197,261,25.50
121341,261,25.50
121486,261,25.50
121630,261,25.50
121775,260,25.50
121919,260,25.50
122063,261,25.50
122208,260,25.50
122352,261,25.50
122497,261,25.50
122641,261,25.50
122785,260,25.50
122930,261,25.50
123074,260,25.50
123219,259,25.50
123363,261,25.50
123508,261,25.50
123652,261,25.50
123798,261,25.50
123943,261,25.50
124087,261,25.50
124231,261,25.50
124376,260,25.50
124523,260,25.50
124667,261,25.50
124812,260,25.50
124956,260,25.50
125101,261,25.50
125245,261,25.50
125390,261,25.50
125534,261,25.50
125678,261,25.50
125823,261,25.50
125967,260,25.50
126112,261,25.50
126256,261,25.50
126401,261,25.50
126545,260,25.50
126689,261,25.50
126834,261,25.50
126978,262,25.50
127123,261,25.50
127267,260,25.50
127412,260,25.50
127556,261,25.50
127702,259,25.50
127847,261,25.50
127991,260,25.50
128136,261,25.50
128280,261,25.50
128424,261,25.50
128569,261,25.50
128716,261,25.50
128860,261,25.50
129005,261,25.50
129149,260,25.50
129294,260,25.50
129438,260,25.50
129583,260,25.50
129727,261,25.50
129871,261,25.50
130016,261,25.50
130160,260,25.50
130305,260,25.50
130449,260,25.50
130594,260,25.50
130738,261,25.50
130882,260,25.50
131027,259,25.50
131171,261,25.50
131316,260,25.50
131460,260,25.50
131606,260,25.50
131751,262,25.50
131895,260,25.50
132040,261,25.50
132184,261,25.50
132329,260,25.50
132473,260,25.50
132618,260,25.50
132765,261,25.50
132909,262,25.50
133053,260,25.50
133197,261,25.50
133342,262,25.50
133486,260,25.50
133630,261,25.50
133775,260,25.50
133919,260,25.50
134063,261,25.50
134207,261,25.50
134352,261,25.50
134496,261,25.50
134640,261,25.50
134785,260,25.50
134929,261,25.50
135073,261,25.50
135218,260,25.50
135362,261,25.50
135508,261,25.50
135652,261,25.50
135797,262,25.50
135941,261,25.50
136085,261,25.50
136229,261,25.50
136374,261,25.50
136518,261,25.50
136662,260,25.50
136807,262,25.50
136954,261,25.50
137098,261,25.50
137242,260,25.50
137387,260,25.50
137531,260,25.50
137675,261,25.50
137819,261,25.50
137964,260,25.50
138108,261,25.50
138252,260,25.50
138397,260,25.50
138541,260,25.50
138685,260,25.50
138830,260,25.50
138974,260,25.50
139118,261,25.50
139263,261,25.50
139409,261,25.50
139553,261,25.50
139697,260,25.50
139842,260,25.50
139986,260,25.50
140130,261,25.50
140274,260,25.50
140419,261,25.50
140563,260,25.50
140707,260,25.50
140852,260,25.50
140999,260,25.50
141143,260,25.50
141287,260,25.50
141432,261,25.50
141576,261,25.50
141721,261,25.50
141865,261,25.50
142010,260,25.50
142154,260,25.50
142298,260,25.50
142443,260,25.50
142587,260,25.50
142732,261,25.50
142876,261,25.50
143020,260,25.50
143165,260,25.50
143311,260,25.50
143456,261,25.50
143600,261,25.50
143745,260,25.50
143889,260,25.50
144033,261,25.50
144178,260,25.50
144322,261,25.50
144467,260,25.50
144611,261,25.50
144755,260,25.50
144900,260,25.50
145044,261,25.50
145191,260,25.50
145336,261,25.50
145480,260,25.50
145625,261,25.50
145769,259,25.50
145914,261,25.50
146058,260,25.50
146203,262,25.50
146347,261,25.50
146491,260,25.50
146636,260,25.50
146780,260,25.50
146925,261,25.50
147069,260,25.50
147215,260,25.50
147360,261,25.50
147504,260,25.50
147649,260,25.50
147793,261,25.50
147937,260,25.50
148082,260,25.50
148226,260,25.50
148371,261,25.50
148515,261,25.50
148660,260,25.50
148804,260,25.50
148949,260,25.50
149093,260,25.50
149240,262,25.50
149384,260,25.50
149529,260,25.50
149673,260,25.50
149818,260,25.50
149962,262,25.50
150106,260,25.50
150251,261,25.50
150395,261,25.50
150540,261,25.50
150684,261,25.50
150829,261,25.50
150973,261,25.50
151119,261,25.50
151264,261,25.50
151408,260,25.50
151552,261,25.50
151697,261,25.50
151841,261,25.50
151986,260,25.50
152130,261,25.50
152274,261,25.50
152419,261,25.50
152563,261,25.50
152708,261,25.50
152852,260,25.50
152997,260,25.50
153141,260,25.50
153288,262,25.50
153433,260,25.50
153577,261,25.50
153721,261,25.50
153866,261,25.50
154010,261,25.50
154154,260,25.50
154299,260,25.50
154443,261,25.50
154588,261,25.50
154732,260,25.50
154877,261,25.50
155023,260,25.50
155167,260,25.50
155312,261,25.50
155456,260,25.50
155601,260,25.50
155745,261,25.50
155889,261,25.50
156034,260,25.50
156178,261,25.50
156323,260,25.50
156467,259,25.50
156611,261,25.50
156756,260,25.50
156900,260,25.50
157045,260,25.50
157189,261,25.50
157334,260,25.50
157481,261,25.50
157625,261,25.50
157770,261,25.50
157914,262,25.50
158058,260,25.50
158203,261,25.50
158347,260,25.50
158492,261,25.50
158636,261,25.50
158780,261,25.50
158927,261,25.50
159071,260,25.50
159216,260,25.50
159360,261,25.50
159504,260,25.50
159649,261,25.50
159793,260,25.50
159938,260,25.50
160082,261,25.50
160227,261,25.50
160371,260,25.50
160515,259,25.50
160660,261,25.50
160804,263,25.50
160949,260,25.50
161093,261,25.50
161238,260,25.50
161382,260,25.50
161529,260,25.50
161674,260,25.50
161818,261,25.50
161963,260,25.50
162107,261,25.50
162251,261,25.50
162396,261,25.50
162540,260,25.50
162685,261,25.50
162831,260,25.50
162975,260,25.50
163120,260,25.50
163264,261,25.50
163408,260,25.50
163553,261,25.50
163697,261,25.50
163842,261,25.50
163986,260,25.50
164131,261,25.50
164275,260,25.50
164420,260,25.50
164564,260,25.50
164709,260,25.50
164853,261,25.50
164997,261,25.50
165142,260,25.50
165286,261,25.50
165431,261,25.50
165575,260,25.50
165722,261,25.50
165866,261,25.50
166011,260,25.50
166155,260,25.50
166299,260,25.50
166444,260,25.50
166588,260,25.50
166734,261,25.50
166878,260,25.50
167023,260,25.50
167167,260,25.50
167311,261,25.50
167455,260,25.50
167600,260,25.50
167744,261,25.50
167888,260,25.50
168033,261,25.50
168177,262,25.50
168321,261,25.50
168466,260,25.50
168610,261,25.50
168754,260,25.50
168899,260,25.50
169043,261,25.50
169187,260,25.50
169332,260,25.50
169476,261,25.50
169620,260,25.50
169767,261,25.50
169911,261,25.50
170055,260,25.50
170200,261,25.50
170344,261,25.50
170488,260,25.50
170633,261,25.50
170779,260,25.50
170923,261,25.50
171068,261,25.50
171212,261,25.50
171356,259,25.50
171500,261,25.50
171645,260,25.50
171789,260,25.50
171933,260,25.50
172078,261,25.50
172222,260,25.50
172366,261,25.50
172510,260,25.50
172655,260,25.50
172799,261,25.50
172943,260,25.50
173088,260,25.50
173232,260,25.50
173376,261,25.50
173521,260,25.50
173665,260,25.50
173809,260,25.50
173956,260,25.50
174101,261,25.50
174245,261,25.50
174390,261,25.50
174534,261,25.50
174680,261,25.50
174825,261,25.50
174969,260,25.50
175113,261,25.50
175258,260,25.50
175402,261,25.50
175547,261,25.50
175691,261,25.50
175836,260,25.50
175980,260,25.50
176125,261,25.50
176269,260,25.50
176413,261,25.50
176558,262,25.50
176702,260,25.50
176847,260,25.50
176991,261,25.50
177135,261,25.50
177280,260,25.50
177424,260,25.50
177569,261,25.50
177713,261,25.50
177858,261,25.50
178005,261,25.50
178149,261,25.50
178294,261,25.50
178438,260,25.50
178584,260,25.50
178729,261,25.50
178873,260,25.50
179018,261,25.50
179162,261,25.50
179306,261,25.50
179451,260,25.50
179595,261,25.50
179740,260,25.50
179884,260,25.50
180029,260,25.50
180173,261,25.50
180318,260,25.50
180462,260,25.50
180606,260,25.50
180751,261,25.50
180895,261,25.50
181040,260,25.50
181184,260,25.50
181329,260,25.50
181473,260,25.50
181617,260,25.50
181762,260,25.50
181906,261,25.50
182051,261,25.50
182198,260,25.50
182342,261,25.50
182489,261,25.50
182633,259,25.50
182777,261,25.50
182922,260,25.50
183066,261,25.50
183211,260,25.50
183355,260,25.50
183499,260,25.50
183644,260,25.50
183788,261,25.50
183933,261,25.50
184077,261,25.50
184221,260,25.50
184366,260,25.50
184510,261,25.50
184655,260,25.50
184799,261,25.50
184944,260,25.50
185088,260,25.50
185232,260,25.50
185377,259,25.50
185521,261,25.50
185666,260,25.50
185810,260,25.50
185954,260,25.50
186099,260,25.50
186246,261,25.50
186392,260,25.50
186537,260,25.50
186681,261,25.50
186825,261,25.50
186970,262,25.50
187114,261,25.50
187259,260,25.50
187403,260,25.50
187548,260,25.50
187692,261,25.50
187836,260,25.50
187981,261,25.50
188125,261,25.50
188270,260,25.50
188414,261,25.50
188558,261,25.50
188703,261,25.50
188847,260,25.50
188992,261,25.50
189136,260,25.50
189281,260,25.50
189425,260,25.50
189569,261,25.50
189714,260,25.50
189858,260,25.50
190003,261,25.50
190147,260,25.50
190296,260,25.50
190440,260,25.50
190585,261,25.50
190729,260,25.50
190874,262,25.50
191018,260,25.50
191163,261,25.50
191307,260,25.50
191451,260,25.50
191596,260,25.50
191740,261,25.50
191885,261,25.50
192029,261,25.50
192174,260,25.50
192318,260,25.50
192462,260,25.50
192607,261,25.50
192751,259,25.50
192896,259,25.50
193040,261,25.50
193185,261,25.50
193329,260,25.50
193473,261,25.50
193618,260,25.50
193762,262,25.50
193907,260,25.50
194051,261,25.50
194198,260,25.50
194342,261,25.50
194489,262,25.50
194633,261,25.50
194778,260,25.50
194922,261,25.50
195067,261,25.50
195211,260,25.50
195356,261,25.50
195500,260,25.50
195644,261,25.50
195789,260,25.50
195933,261,25.50
196078,261,25.50
196222,261,25.50
196367,260,25.50
196511,260,25.50
196656,261,25.50
196800,260,25.50
196944,261,25.50
197089,261,25.50
197233,261,25.50
197378,261,25.50
197522,260,25.50
197666,260,25.50
197811,261,25.50
197955,260,25.50
198102,261,25.50
198246,260,25.50
198391,260,25.50
198538,260,25.50
198682,261,25.50
198826,261,25.50
198970,261,25.50
199115,260,25.50
199259,260,25.50
199403,261,25.50
199548,260,25.50
199692,260,25.50
199836,260,25.50
199981,261,25.50
3740,255,22.50
3880,256,22.50
4024,256,22.50
4168,256,22.50
4319,256,22.50
4475,256,22.50
4624,256,22.50
4774,256,22.50
4923,257,22.50
5073,256,22.50
5222,255,22.50
5372,256,22.50
5521,256,22.50
5674,256,22.50
5825,256,22.50
5975,256,22.50
6124,256,22.50
6274,256,22.50
6423,256,22.50
6573,256,22.50
6729,256,22.50
6882,256,22.50
7026,256,22.50
7170,256,22.50
7313,255,22.50
7457,256,22.50
7601,256,22.50
7745,256,22.50
7889,256,22.50
8033,256,22.50
8176,255,22.50
8320,255,22.50
8464,256,22.50
8608,255,22.50
8752,255,22.50
8896,256,22.50
9040,256,22.50
9184,255,22.50
9327,256,22.50
9471,256,22.50
9620,256,22.50
9764,256,22.50
9908,256,22.50
10051,255,22.50
10195,256,22.50
10339,255,22.50
10483,256,22.50
10627,256,22.50
10771,256,22.50
10915,256,22.50
11059,256,22.50
11205,255,22.50
11349,255,22.50
11493,255,22.50
11677,256,22.50
11822,256,22.50
11966,255,22.50
12110,255,22.50
12254,256,22.50
12399,256,22.50
12543,256,22.50
12687,257,22.50
12832,256,22.50
12976,255,22.50
13120,256,22.50
13265,256,22.50
13409,256,22.50
13555,256,22.50
13699,255,22.50
13843,256,22.50
13988,256,22.50
14132,256,22.50
14276,257,22.50
14420,256,22.50
14565,257,22.50
14709,256,22.50
14853,257,22.50
14998,256,22.50
15142,256,22.50
15286,256,22.50
15431,256,22.50
15575,260,23.00
15722,261,22.50
15866,262,22.50
16011,260,22.50
16155,262,22.50
16299,261,22.50
16444,260,22.50
16588,261,22.50
16732,261,22.50
16877,261,22.50
17021,261,22.50
17165,261,22.50
17310,261,22.50
17456,261,22.50
17600,261,22.50
17745,260,22.50
17889,261,23.00
18033,261,22.50
18178,260,22.50
18323,260,22.50
18468,261,23.00
18613,261,22.50
18758,260,23.00
18903,261,23.00
19050,262,23.00
19194,260,23.00
19339,261,22.50
19484,260,23.00
19629,261,22.50
19774,261,22.50
19919,262,23.00
20067,261,23.00
20212,260,22.50
20356,261,22.50
20501,260,22.50
20646,260,23.00
20790,260,22.50
20935,260,23.00
21080,260,22.50
21224,261,22.50
21370,261,23.00
21516,260,22.50
21661,260,23.00
21806,260,22.50
21950,261,23.00
22095,259,22.50
22240,261,23.00
22385,260,23.00
22529,260,23.00
22674,260,23.00
22819,261,23.00
22963,261,23.00
23108,260,23.00
23252,261,23.00
23397,260,22.50
23542,261,23.00
23686,261,22.50
23831,260,22.50
23976,260,22.50
24121,259,22.50
24265,260,23.00
24413,261,23.00
24558,259,23.00
24702,260,23.00
24847,260,23.00
24992,259,22.50
25137,260,23.00
25282,261,23.00
25429,261,23.00
25573,261,23.00
25718,261,23.00
25863,26023.00
26007,261,23.00
26152,260,23.00
26297,260,23.00
26441,261,23.00
26586,260,23.00
26731,261,22.50
26875,260,23.00
27020,260,23.00
27165,261,23.00
27310,260,23.00
27455,260,23.00
27600,260,23.00
27745,260,23.00
27890,260,23.00
28035,260,23.00
28180,260,23.00
28325,260,23.00
28470,261,23.00
28615,261,23.00
28762,261,23.00
28908,261,23.00
29053,260,23.00
29197,261,23.00
29342,260,23.00
29489,260,23.00
29634,260,23.00
29779,260,23.00
29924,261,23.00
30068,260,23.00
30213,261,23.00
30358,261,23.00
30503,261,23.00
30648,259,23.00
30793,261,23.00
30938,261,23.00
31082,260,23.00
31227,262,23.00
31372,261,23.00
31517,260,23.00
31661,260,23.00
31806,260,23.00
31951,261,23.00
32096,260,23.00
32241,261,23.00
32386,260,23.00
32531,260,23.00
32676,261,23.00
32821,260,23.00
32966,259,23.00
33114,260,23.00
33258,261,23.00
33405,261,23.00
33550,260,23.00
33696,261,23.00
33841,260,23.00
33986,261,23.00
34131,260,23.00
34276,259,23.00
34421,261,23.00
34566,260,23.00
34712,261,23.00
34857,261,23.00
35001,260,23.00
35146,260,23.00
35292,262,23.00
35437,260,23.00
35582,260,23.00
35727,262,23.00
35871,260,23.00
36016,261,23.00
36161,261,23.00
36306,260,23.00
36451,261,23.00
36596,260,23.00
36741,261,23.00
36886,260,23.00
37031,260,23.00
37176,261,23.00
37321,260,23.00
37470,261,23.00
37615,261,23.00
37760,261,23.00
37905,261,23.00
38050,261,23.00
38195,259,23.00
38340,262,23.00
38485,261,23.00
38630,261,23.00
38775,261,23.00
38920,261,23.00
39065,261,23.00
39209,260,23.00
39354,261,23.00
39499,261,23.00
39643,260,23.00
39788,260,23.00
39933,262,23.00
40078,260,23.00
40222,259,23.00
40368,261,23.00
40512,261,23.00
40697,261,23.00
40841,261,23.00
40985,260,23.00
41130,260,23.00
41274,259,23.00
41418,261,23.00
41564,262,23.00
41708,261,23.00
41855,260,23.00
41999,260,23.00
42143,259,23.00
42288,260,23.00
42432,261,23.00
42576,260,23.00
42720,262,23.00
42865,261,23.00
43009,260,23.00
43153,261,23.00
43298,260,23.00
43442,260,23.00
43586,260,23.00
43730,260,23.00
43874,261,23.00
44018,260,23.00
44163,260,23.00
44307,261,23.00
44451,261,23.00
44595,261,23.00
44740,261,23.00
44884,259,23.00
45028,260,23.00
45172,261,23.00
45317,261,23.00
45461,260,23.00
45607,260,23.00
45751,260,23.00
45895,261,23.00
46039,261,23.00
46186,260,23.00
46331,261,23.00
46475,261,23.00
46619,261,23.00
46764,261,23.00
46908,261,23.00
47052,260,23.00
47197,260,23.00
47341,261,23.00
47485,260,23.00
47630,261,23.00
47774,260,23.00
47919,260,23.00
48063,260,23.00
48207,260,23.00
48352,260,23.00
48496,260,23.00
48640,261,23.00
48784,261,23.00
48929,261,23.00
49073,261,23.00
49217,261,23.00
49362,259,23.00
49508,260,23.00
49652,261,23.00
49797,261,23.00
49941,260,23.00
50085,260,23.00
50230,260,23.00
50374,261,23.00
50518,261,23.00
50661,261,23.00
50805,260,23.00
50949,260,23.00
51094,260,23.00
51238,261,23.00
51382,260,23.00
51527,261,23.00
51671,260,23.00
51815,261,23.00
51960,260,23.00
52104,261,23.00
52248,261,23.00
52393,261,23.00
52537,261,23.00
52682,260,23.00
52826,260,23.00
52970,261,23.00
53115,261,23.00
53259,261,23.00
53403,260,23.00
53549,261,23.00
53694,261,23.00
53838,261,23.00
53982,261,23.00
54127,260,23.00
54271,261,23.00
54415,261,23.00
54560,260,23.00
54704,260,23.00
54849,261,23.00
54996,260,23.00
55140,262,23.00
55284,261,23.00
55429,261,23.00
55573,260,23.00
55717,261,23.00
55862,260,23.00
56006,259,23.00
56152,260,23.00
56296,260,23.00
56441,260,23.00
56586,261,23.00
56731,260,23.00
56876,260,23.00
57021,260,23.00
57166,259,23.00
57311,262,23.00
57456,261,23.00
57603,261,23.00
57748,261,23.00
57892,260,23.00
58037,260,23.00
58182,261,23.00
58327,261,23.00
58472,260,23.00
58617,260,23.00
58762,261,23.00
58907,260,23.00
59052,260,23.00
59197,261,23.00
59345,261,23.00
59489,261,23.00
59634,260,23.00
59779,261,23.00
59924,261,23.00
60069,261,23.00
60215,259,23.00
60360,261,23.00
60504,260,23.00
60650,260,23.00
60794,260,23.00
60939,261,23.00
61084,261,23.00
61230,260,23.00
61375,260,23.00
61522,260,23.00
61666,261,23.00
61811,260,23.00
61956,260,23.00
62101,260,23.00
62246,261,23.00
62391,259,23.00
62536,260,23.00
62681,261,23.00
62826,261,23.00
62971,259,23.00
63116,261,23.00
63261,261,23.00
63406,260,23.00
63551,260,23.00
63699,261,23.00
63844,261,23.00
63989,261,23.00
64134,260,23.00
64279,261,23.00
64423,261,23.00
64569,261,23.00
64714,260,23.00
64859,261,23.00
65004,261,23.00
65149,262,23.00
65294,260,23.00
65440,260,23.00
65587,260,23.00
65731,260,23.00
65876,260,23.00
66022,260,23.00
66167,260,23.00
66311,260,23.00
66457,261,23.00
66602,261,23.00
66747,262,23.00
66892,261,23.00
67036,261,23.00
67182,260,23.00
67327,261,23.00
67472,260,23.00
67617,260,23.00
67762,261,23.00
67907,261,23.00
68055,260,23.00
68199,261,23.00
68345,260,23.00
68490,261,23.00
68635,260,23.00
68780,260,23.00
68925,261,23.00
69070,261,23.00
69215,260,23.00
69360,261,23.00
69507,261,23.00
69652,260,23.00
69797,261,23.00
69942,261,23.00
70087,260,23.00
70232,261,23.00
70377,261,23.00
70522,261,23.00
70667,261,23.00
70812,261,23.00
70957,261,23.00
71102,260,23.00
71246,261,23.00
71391,261,23.00
71536,259,23.00
71681,260,23.00
71826,260,23.00
71972,261,23.00
72116,260,23.00
72262,260,23.00
72409,260,23.00
72554,261,23.00
72699,261,23.00
72844,260,23.00
72989,261,23.00
73134,261,23.00
73279,261,23.00
73424,260,23.00
73570,260,23.00
73715,262,23.00
73860,260,23.00
74005,261,23.00
74150,259,23.00
74295,261,23.00
74440,261,23.00
74585,261,23.00
74731,260,23.00
74875,260,23.00
75020,261,23.00
75165,262,23.00
75310,261,23.00
75455,260,23.00
75600,260,23.00
75745,261,23.00
75890,260,23.00
76035,261,23.00
76180,260,23.00
76324,260,23.00
76470,261,23.00
76615,260,23.00
76762,260,23.00
76907,261,23.00
77052,260,23.00
77197,261,23.00
77342,260,23.00
77487,260,23.00
77634,261,23.00
77779,261,23.00
77923,260,23.00
78068,261,23.00
78213,261,23.00
78358,260,23.00
78503,261,23.00
78648,261,23.00
78793,261,23.00
78938,260,23.00
79083,261,23.00
79228,261,23.00
79373,260,23.00
79518,261,23.00
79663,261,23.00
79808,261,23.00
79953,262,23.00
80098,260,23.00
80242,260,23.00
80387,261,23.00
80532,261,23.00
80677,261,23.00
80822,61,23.00
80967,262,23.00
81114,262,23.00
81259,260,23.00
81404,260,23.00
81551,259,23.00
81696,261,23.00
81841,260,23.00
81985,260,23.00
82131,260,23.00
82275,260,23.00
82421,260,23.00
82565,261,23.00
82710,261,23.00
82855,261,23.00
83000,260,23.00
83145,261,23.00
83290,261,23.00
83435,261,23.00
83580,260,23.00
83725,260,23.00
83869,260,23.00
84014,260,23.00
84159,260,23.00
84304,260,23.00
84449,260,23.00
84594,261,23.00
84739,260,23.00
84884,261,23.00
85029,261,23.00
85174,261,23.00
85319,261,23.00
85469,261,23.00
85613,261,23.00
85758,260,23.00
85903,260,23.00
86049,261,23.00
86193,261,23.00
86338,261,23.00
86483,261,23.00
86628,261,23.00
86774,262,23.00
86918,260,23.00
87063,260,23.00
87208,260,23.00
87353,261,23.00
87497,260,23.00
87642,260,23.00
87787,260,23.00
87931,261,23.00
88077,261,23.00
88221,260,23.00
88366,260,23.00
88511,260,23.00
88656,261,23.00
88801,260,23.00
88947,261,23.00
89092,262,23.00
89237,261,23.00
89382,260,23.00
89529,260,23.00
89675,260,23.00
89820,261,23.00
89968,260,23.00
90113,260,23.00
90257,261,23.00
90402,259,23.00
90547,261,23.00
90692,261,23.00
90837,259,23.00
90982,260,23.00
91127,261,23.00
91272,261,23.00
91417,260,23.00
91561,261,23.00
91706,261,23.00
91851,260,23.00
91996,260,23.00
92141,260,23.00
92286,260,23.00
92431,261,23.00
92576,261,23.00
92721,260,23.00
92866,261,23.00
93011,259,23.00
93156,261,23.00
93301,260,23.00
93446,261,23.00
93593,260,23.00
93737,261,23.00
93882,261,23.00
94027,260,23.00
94172,260,23.00
94320,260,23.00
94465,261,23.00
94609,260,23.00
94754,261,23.00
94899,261,23.00
95044,261,23.00
95189,260,23.00
95334,260,23.00
95479,260,23.00
95624,261,23.00
95770,260,23.00
95916,260,23.00
96061,261,23.00
96206,260,23.00
96351,259,23.00
96496,260,23.00
96641,261,23.00
96786,261,23.00
96931,261,23.00
97076,260,23.00
97261,260,23.00
97406,261,23.00
97553,260,23.00
97698,260,23.00
97843,260,23.00
97988,261,23.00
98132,261,23.00
98278,260,23.00
98423,260,23.00
98568,261,23.00
98715,260,23.00
98860,261,23.00
99006,261,23.00
99151,261,23.00
99296,261,23.00
99441,260,23.00
99586,259,23.00
99731,261,23.00
99876,260,23.00
100021,261,23.00
100166,261,23.00
100311,260,23.00
100456,261,23.00
100601,261,23.00
100746,261,23.00
100891,260,23.00
101036,261,23.00
101181,261,23.00
101326,260,23.00
101471,261,23.00
101618,260,23.00
101763,260,23.00
101908,261,23.00
102053,260,23.00
102198,260,23.00
102343,260,23.00
102488,260,23.00
102633,261,23.00
102778,260,23.00
102926,260,23.00
103071,260,23.00
103216,261,23.00
103361,260,23.00
103506,260,23.00
103651,260,23.00
103797,260,23.00
103942,261,23.00
104087,261,23.00
104232,260,23.00
104377,261,23.00
104522,261,23.00
104667,260,23.00
104812,261,23.00
104957,261,23.00
105102,260,23.00
105247,260,23.00
105392,262,23.00
105539,261,23.00
105685,261,23.00
105831,261,23.00
105976,261,23.00
106121,262,23.00
106266,261,23.00
106412,259,23.00
106557,260,23.00
106702,261,23.00
106847,260,23.00
106994,262,23.00
107139,260,23.00
107284,260,23.00
107429,261,23.00
107574,260,23.00
107719,261,23.00
107864,260,23.00
108008,261,23.00
108153,261,23.00
108298,260,23.00
108443,259,23.00
108588,260,23.00
108733,261,23.00
108878,259,23.00
109023,261,23.00
109168,259,23.00
109313,260,23.00
109458,261,23.00
109605,261,23.00
109750,260,23.00
109896,260,23.00
110041,262,23.00
110186,261,23.00
110330,260,23.00
110475,260,23.00
110619,260,23.00
110764,260,23.00
110909,261,23.00
111054,261,23.00
111201,261,23.00
111346,262,23.00
111491,260,23.00
111635,261,23.00
111781,260,23.00
111925,260,23.00
112070,260,23.00
112215,261,23.00
112360,260,23.00
112505,260,23.00
112649,261,23.00
112794,261,23.00
112938,261,23.00
113083,261,23.00
113228,261,23.00
113373,262,23.00
113518,261,23.00
113664,261,23.00
113809,261,23.00
113954,260,23.00
114099,261,23.00
114244,260,23.00
114389,262,23.00
114533,261,23.00
114678,260,23.00
114824,262,23.00
114969,261,23.00
115114,261,23.00
115262,261,23.00
115406,260,23.00
115551,261,23.00
115696,260,23.00
115841,259,23.00
115986,260,23.00
116131,261,23.00
116277,261,23.00
116421,260,23.00
116567,261,23.00
116711,261,23.00
116856,261,23.00
117002,261,23.00
117147,259,23.00
117292,261,23.00
117437,260,23.00
117583,260,23.00
117729,260,23.00
117874,261,23.00
118019,260,23.00
118164,261,23.00
118309,261,23.00
118453,259,23.00
118599,260,23.00
118744,261,23.00
118889,261,23.00
119034,260,23.00
119179,260,23.00
119324,260,23.00
119472,261,23.00
119617,260,23.00
119761,261,23.00
119906,261,23.00
120052,261,23.00
120197,260,23.00
120342,261,23.00
120487,262,23.00
120633,261,23.00
120778,260,23.00
120924,261,23.00
121069,261,23.50
121214,260,23.00
121359,261,23.00
121504,260,23.00
121651,259,23.00
121796,261,23.00
121941,260,23.00
122086,259,23.00
122231,260,23.00
122376,262,23.50
122521,261,23.00
122666,260,23.00
122811,261,23.00
122956,261,23.00
123101,261,23.00
123246,261,23.00
123391,260,23.00
123539,261,23.00
123683,260,23.00
123828,261,23.00
123973,260,23.50
124118,261,23.00
124263,261,23.50
124408,261,23.50
124553,261,23.00
124698,261,23.00
124843,261,23.00
124988,261,23.00
125134,260,23.50
125279,261,23.50
125424,261,23.50
125571,259,23.50
125716,260,23.50
125861,260,23.50
126005,260,23.50
126151,261,23.50
126295,261,23.50
126440,261,23.00
126585,259,23.50
126730,259,23.50
126875,260,23.00
127021,261,23.50
127166,261,23.00
127311,261,23.50
127456,261,23.00
127604,261,23.50
127749,260,23.50
127894,261,23.00
128039,260,23.00
128184,260,23.00
128329,261,23.50
128473,260,23.50
128619,260,23.50
128764,261,23.00
128908,260,23.50
129053,260,23.50
129199,260,23.50
129344,261,23.50
129489,261,23.00
129636,260,23.50
129782,260,23.50
129926,261,23.50
130071,261,23.50
130216,260,23.50
130361,260,23.50
130506,261,23.00
130651,260,23.50
130796,261,23.50
130941,261,23.50
131086,261,23.50
131231,260,23.50
131376,260,23.50
131521,260,23.50
131666,260,23.50
131813,260,23.50
131958,260,23.50
132103,261,23.50
132249,261,23.50
132394,261,23.50
132539,260,23.50
132684,260,23.50
132829,260,23.50
132974,260,23.50
133118,261,23.50
133264,261,23.50
133408,260,23.50
133555,260,23.50
133700,261,23.50
133845,260,23.50
133991,259,23.50
134136,260,23.50
134281,261,23.50
134427,261,23.50
134572,261,23.50
134717,260,23.50
134862,261,23.50
135007,261,23.50
135151,260,23.50
135297,261,23.50
135441,260,23.50
135587,260,23.50
135732,260,23.50
135880,260,23.50
136025,261,23.50
136170,260,23.50
136315,261,23.50
136460,260,23.50
136605,260,23.50
136751,261,23.50
136896,260,23.50
137041,261,23.50
137186,260,23.50
137331,262,23.50
137476,261,23.50
137623,261,23.50
137768,260,23.50
137913,262,23.50
138058,260,23.50
138204,261,23.50
138349,261,23.50
138494,260,23.50
138639,260,23.50
138784,260,23.50
138929,261,23.50
139075,260,23.50
139220,262,23.50
139365,260,23.50
139510,261,23.50
139655,261,23.50
139800,260,23.50
139945,261,23.50
140093,260,23.50
140237,261,23.50
140383,260,23.50
140527,260,23.50
140672,260,23.50
140818,261,23.50
140963,260,23.50
141107,260,23.50
141253,260,23.50
141398,260,23.50
141544,260,23.50
141690,260,23.50
141834,261,23.50
141979,260,23.50
142124,260,23.50
142269,261,23.50
142413,260,23.50
142558,260,23.50
142703,261,23.50
142848,260,23.50
142993,261,23.50
143138,261,23.50
143282,261,23.50
143427,262,23.50
143572,260,23.50
143718,261,23.50
143863,261,23.50
144008,261,23.50
144163,261,23.50
144308,260,23.50
144453,261,23.50
144597,260,23.50
144743,261,23.50
144888,261,23.50
145033,261,23.50
145178,261,23.50
145323,261,23.50
145470,261,23.50
145615,260,23.50
145760,261,23.50
145904,261,23.50
146049,260,23.50
146195,261,23.50
146340,260,23.50
146485,260,23.50
146630,259,23.50
146775,262,23.50
146920,260,23.50
147065,260,23.50
147210,261,23.50
147355,261,23.50
147499,261,23.50
147644,261,23.50
147789,261,23.50
147933,261,23.50
148078,260,23.50
148223,260,23.50
148371,261,23.50
148516,260,23.50
148660,261,23.50
148806,261,23.50
148951,261,23.50
149096,260,23.50
149241,260,23.50
149388,261,23.50
149533,261,23.50
149678,261,23.50
149823,260,23.50
149969,261,23.50
150114,261,23.50
150259,261,23.50
150404,261,23.50
150549,261,23.50
150693,260,23.50
150839,261,23.50
150983,261,23.50
151128,260,23.50
151274,261,23.50
151419,260,23.50
151564,260,23.50
151709,260,23.50
151854,260,23.50
152000,261,23.50
152144,260,23.50
152290,260,23.50
152438,261,23.50
152583,261,23.50
152728,260,23.50
152873,261,23.50
153018,261,23.50
153163,260,23.50
153308,260,23.50
153455,260,23.50
153599,259,23.50
153744,260,23.50
153889,260,23.50
154034,260,23.50
154179,260,23.50
154325,261,23.50
154470,260,23.50
154614,261,23.50
154759,260,23.50
154904,260,23.50
155050,261,23.50
155194,261,23.50
155340,261,23.50
155485,260,23.50
155630,260,23.50
155774,261,23.50
155919,260,23.50
156064,260,23.50
156210,260,23.50
156354,260,23.50
156500,261,23.50
156647,262,23.50
156793,262,23.50
156938,260,23.50
157083,260,23.50
157228,260,23.50
157375,260,23.50
157520,260,23.50
157665,260,23.50
157810,261,23.50
157955,260,23.50
158100,262,23.50
158245,261,23.50
158390,260,23.50
158535,260,23.50
158680,261,23.50
158825,260,23.50
158970,259,23.50
159115,260,23.50
159260,260,23.50
159405,261,23.50
159550,260,23.50
159695,261,23.50
159840,261,23.50
159985,260,23.50
160130,261,23.50
160275,261,23.50
160420,261,23.50
160565,260,23.50
160713,260,23.50
160858,261,23.50
161003,260,23.50
161148,260,23.50
161293,260,23.50
161440,261,23.50
161585,261,23.50
161730,261,23.50
161875,261,23.50
162020,260,23.50
162166,259,23.50
162311,261,23.50
162456,261,23.50
162601,260,23.50
162746,261,23.50
162891,261,23.50
163036,261,23.50
163181,261,23.50
163326,260,23.50
163471,260,23.50
163616,261,23.50
163761,261,23.50
163906,260,23.50
164051,260,23.50
164196,260,23.50
164341,261,23.50
164485,260,23.50
164630,260,23.50
164777,261,23.50
164922,261,23.50
165067,260,23.50
165212,260,23.50
165359,261,23.50
165504,260,23.50
165649,259,23.50
165794,259,23.50
165939,261,23.50
166085,260,23.50
166229,261,23.50
166374,260,23.50
166519,260,23.50
166664,260,23.50
166809,261,23.50
166954,261,23.50
167099,260,23.50
167244,261,23.50
167389,260,23.50
167533,261,23.50
167679,260,23.50
167824,262,23.50
167969,260,23.50
168114,261,23.50
168259,259,23.50
168404,261,23.50
168549,260,23.50
168694,260,23.50
168839,260,23.50
168987,260,23.50
169131,260,23.50
169276,261,23.50
169423,261,23.50
169568,260,23.50
169713,262,23.50
169857,260,23.50
170002,261,23.50
170147,261,23.50
170293,260,23.50
170438,261,23.50
170582,260,23.50
170727,260,23.50
170873,260,23.50
171018,261,23.50
171163,260,23.50
171308,259,23.50
171453,261,23.50
171597,261,23.50
171742,261,23.50
171887,262,23.50
172032,261,23.50
172177,261,23.50
172322,261,23.50
172466,260,23.50
172611,260,23.50
172756,259,23.50
172901,261,23.50
173049,261,23.50
173194,261,23.50
173340,261,23.50
173485,261,23.50
173630,260,23.50
173775,262,23.50
173920,260,23.50
174065,260,23.50
174209,261,23.50
174354,261,23.50
174499,261,23.50
174644,260,23.50
174789,261,23.50
174934,261,23.50
175079,261,23.50
175224,261,23.50
175369,261,23.50
175514,260,23.50
175659,261,23.50
175804,260,23.50
175948,259,23.50
176093,261,23.50
176238,261,23.50
176383,261,23.50
176528,261,23.50
176673,260,23.50
176818,260,23.50
176963,261,23.50
177108,261,23.50
177255,260,23.50
177402,261,23.50
177547,261,23.50
177692,260,23.50
177837,260,23.50
177982,261,23.50
178127,259,23.50
178272,261,23.50
178417,261,23.50
178562,260,23.50
178707,260,23.50
178851,261,23.50
178997,260,23.50
179141,260,23.50
179286,261,23.50
179432,261,23.50
179577,261,23.50
179722,260,23.50
179867,261,23.50
180012,261,23.50
180157,261,23.50
180302,260,23.50
180446,261,23.50
180591,261,23.50
180736,260,23.50
180881,261,23.50
181026,262,23.50
181171,261,23.50
181318,259,23.50
181465,261,23.50
181610,260,23.50
181755,261,23.50
181900,261,23.50
182045,261,23.50
182190,260,23.50
182335,261,23.50
182480,259,23.50
182625,261,23.50
182770,260,23.50
182916,261,23.50
183061,261,23.50
183206,260,23.50
183351,261,23.50
183496,260,23.50
183641,262,23.50
183786,261,23.50
183931,260,23.50
184076,260,23.50
184221,260,23.50
184366,261,23.50
184511,261,23.50
184656,260,23.50
184801,261,23.50
184946,261,23.50
185091,261,23.50
185238,262,23.50
185383,261,23.50
185532,262,23.50
185677,260,23.50
185822,260,23.50
185967,260,23.50
186113,260,23.50
186258,260,23.50
186403,260,23.50
186548,260,23.50
186694,261,23.50
186839,260,23.50
186984,260,23.50
187129,260,23.50
187274,261,23.50
187419,260,23.50
187564,260,23.50
187709,261,23.50
187854,26,23.50
187999,260,23.50
188144,260,23.50
188289,260,23.50
188435,259,23.50
188580,260,23.50
188725,261,23.50
188871,260,23.50
189016,261,23.50
189161,260,23.50
189306,260,23.50
189453,260,23.50
189601,261,23.50
189746,261,23.50
189891,260,23.50
190036,261,23.50
190181,261,23.50
190326,261,23.50
190471,261,23.50
190616,260,23.50
190762,260,23.50
190907,261,23.50
191052,260,23.50
191197,261,23.50
191343,261,23.50
191488,261,23.50
191633,261,23.50
191778,261,23.50
191924,260,23.50
192068,260,23.50
192213,260,23.50
192358,261,23.50
192502,261,23.50
192647,260,23.50
192792,261,23.50
192937,261,23.50
193082,261,23.50
193227,261,23.50
193372,260,23.50
193519,261,23.50
193663,260,23.50
193811,261,23.50
193956,261,23.50
194101,261,23.50
194246,262,23.50
194391,259,23.50
194536,261,23.50
194681,261,23.50
194826,261,23.50
194971,261,23.50
195116,261,23.50
195261,260,23.50
195407,261,23.50
195552,260,23.50
195697,260,23.50
195842,260,23.50
195987,261,23.50
196132,261,23.50
196278,259,23.50
196423,261,23.50
196568,261,23.50
196713,260,23.50
196898,260,23.50
197042,261,23.50
197186,260,23.50
197331,261,23.50
197477,262,23.50
197621,260,23.50
197766,261,23.50
197913,261,23.50
198057,261,23.50
198202,261,23.50
198346,261,23.50
198491,261,23.50
198635,260,23.50
198780,261,23.50
198924,260,23.50
199068,260,23.50
199213,261,23.50
199357,261,23.50
199501,260,23.50
199646,261,23.50
199790,260,23.50
199935,260,23.50
200079,261,23.50
200224,261,23.50
200368,260,23.50
200513,259,23.50
200657,260,23.50
200802,260,23.50
200946,261,23.50
201090,260,23.50
201235,260,23.50
201379,261,23.50
201525,260,23.50
201670,261,23.50
201814,260,23.50
201961,261,23.50
202106,261,23.50
202250,261,23.50
202395,261,23.50
202539,261,23.50
202684,261,23.50
202828,261,23.50
202973,261,23.50
203117,261,23.50
203261,261,23.50
203406,261,23.50
203550,260,23.50
203694,261,23.50
203839,261,23.50
203983,261,23.50
204128,260,23.50
204272,261,23.50
204417,261,23.50
204561,261,23.50
204705,260,23.50
204850,260,23.50
204994,260,23.50
205139,262,23.50
205283,260,23.50
205430,261,23.50
205574,260,23.50
205718,259,23.50
205863,261,23.50
206007,260,23.50
206154,261,23.50
206298,260,23.50
206443,260,23.50
206587,261,23.50
206731,260,23.50
206876,260,23.50
207020,261,23.50
207164,262,23.50
207309,261,23.50
207453,260,23.50
207597,260,23.50
207742,260,23.50
207886,260,23.50
208030,260,23.50
208174,260,23.50
208319,261,23.50
208463,261,23.50
208607,260,23.50
208752,261,23.50
208896,261,23.50
209040,261,23.50
209185,261,23.50
209329,260,23.50
209475,260,23.50
209619,261,23.50
209764,261,23.50
209908,261,23.50
210052,260,23.50
210199,260,23.50
210343,261,23.50
210488,261,23.50
210632,261,23.50
210776,260,23.50
210921,261,23.50
211065,260,23.50
211209,260,23.50
211353,261,23.50
211498,260,23.50
211642,261,23.50
211786,261,23.50
211931,260,23.50
212075,261,23.50
212219,261,23.50
212364,259,23.50
212508,260,23.50
212652,260,23.50
212797,262,23.50
212941,261,23.50
213085,261,23.50
213229,260,23.50
213374,261,23.50
213520,261,23.50
213664,261,23.50
213809,260,23.50
213953,261,23.50
214097,261,23.50
214242,261,23.50
214389,261,23.50
214533,260,23.50
214677,262,23.50
214822,260,23.50
214966,261,23.50
215111,260,23.50
215255,260,23.50
215399,261,23.50
215544,261,23.50
215688,260,23.50
215833,260,23.50
215977,261,23.50
216122,260,23.50
216266,260,23.50
216411,260,23.50
216555,260,23.50
216700,260,23.50
216844,261,23.50
216988,260,23.50
217133,261,23.50
217277,262,23.50
217423,260,23.50
217568,259,23.50
217712,260,23.50
217857,262,23.50
218001,260,23.50
218145,260,23.50
218290,260,23.50
218437,262,23.50
218582,261,23.50
218726,259,23.50
218871,260,23.50
219015,261,23.50
219159,261,23.50
219304,261,23.50
219448,260,23.50
219593,260,23.50
219737,261,23.50
219881,260,23.50
220026,260,23.50
220170,260,23.50
220315,261,23.50
220459,260,23.50
220603,260,23.50
220748,261,23.50
220892,261,23.50
221037,260,23.50
221181,261,23.50
221326,260,23.50
221472,260,23.50
221616,261,23.50
221761,260,23.50
221905,261,23.50
222050,261,23.50
222194,260,23.50
222338,261,23.50
222483,261,23.50
222630,262,23.50
222774,261,23.50
222919,260,23.50
223063,261,23.50
223208,260,23.50
223352,261,23.50
223497,261,23.50
223641,261,23.50
223786,261,23.50
223930,261,23.50
224074,262,23.50
224219,260,23.50
224363,260,23.50
224507,260,23.50
224652,261,23.50
224796,261,23.50
224941,260,23.50
225085,261,23.50
225230,260,23.50
225376,260,23.50
225520,260,23.50
225665,261,23.50
225809,262,23.50
225954,260,23.50
226098,260,23.50
226242,260,23.50
226387,259,23.50
226531,261,23.50
226678,261,23.50
226823,261,23.50
226967,260,23.50
227111,261,23.50
227256,259,23.50
227400,261,23.50
227545,261,23.50
227689,260,23.50
227834,260,23.50
227978,260,23.50
228123,260,23.50
228267,259,23.50
228411,260,23.50
228556,261,23.50
228700,261,23.50
228845,261,23.50
228989,262,23.50
229133,261,23.50
229278,260,23.50
229424,260,23.50
229568,261,23.50
229713,260,23.50
229857,260,23.50
230002,261,23.50
230146,262,23.50
230291,260,23.50
230435,261,23.50
230579,260,23.50
230724,261,23.50
230871,260,23.50
231015,260,23.50
231160,261,23.50
231304,261,23.50
231449,260,23.50
231593,261,23.50
231737,261,23.50
231882,260,23.50
232026,261,23.50
232171,261,23.50
232315,260,23.50
232460,260,23.50
232604,260,23.50
232749,260,23.50
232893,260,23.50
233037,260,23.50
233182,262,23.50
233328,262,23.50
233472,260,23.50
233617,260,23.50
233761,260,23.50
233906,261,23.50
234050,260,23.50
234195,260,23.50
234339,260,23.50
234484,260,23.50
234628,261,23.50
234773,260,23.50
234920,260,23.50
235064,261,23.50
235209,261,23.50
235353,260,23.50
235497,261,24.00
235642,261,23.50
235786,259,23.50
235931,260,23.50
236075,261,23.50
236219,260,24.00
236364,261,23.50
236508,261,23.50
236653,261,23.50
236797,260,23.50
236942,260,23.50
237086,260,23.50
237231,260,23.50
237377,261,23.50
237521,260,23.50
237666,260,23.50
237810,260,23.50
237954,261,23.50
238099,261,23.50
238243,260,24.00
238388,261,24.00
238532,260,23.50
238677,260,23.50
238821,261,23.50
238968,261,23.50
239112,260,23.50
239257,261,23.50
239401,261,24.00
239545,260,24.00
239690,261,23.50
239834,261,23.50
239978,261,24.00
240123,261,23.50
240267,260,23.50
240411,261,23.50
240555,261,23.50
240700,262,23.50
240844,260,23.50
240988,261,23.50
241133,260,24.00
241279,261,24.00
241423,260,23.50
241567,260,23.50
241712,260,23.50
241856,261,24.00
242000,260,23.50
242145,260,23.50
242289,262,24.00
242433,260,24.00
242578,260,24.00
242722,261,23.50
242866,261,24.00
243010,261,24.00
243157,261,23.50
243302,260,24.00
243446,260,24.00
243590,261,24.00
243735,260,24.00
243879,261,24.00
244023,261,24.00
244168,260,24.00
244312,261,23.50
244456,261,23.50
244600,260,24.00
244745,260,24.00
244889,261,24.00
245033,260,24.00
245178,261,24.00
245324,261,24.00
245468,260,24.00
245612,260,24.00
245757,261,24.00
245901,260,24.00
246045,261,23.50
246190,261,23.50
246334,260,24.00
246478,261,24.00
246622,261,24.00
246767,261,24.00
246911,261,24.00
247055,261,23.50
247202,261,24.00
247347,260,24.00
247491,261,24.00
247636,260,24.00
247780,261,24.00
247924,259,24.00
248069,261,24.00
248213,261,24.00
248358,261,24.00
248502,260,24.00
248647,261,24.00
248791,260,24.00
248935,260,24.00
249080,261,24.00
249224,261,24.00
249370,261,24.00
249515,260,24.00
249659,260,24.00
249804,260,24.00
249948,260,24.00
250093,261,24.00
250237,261,24.00
250381,261,24.00
250526,261,24.00
250670,261,24.00
250815,260,24.00
250959,261,24.00
251104,261,24.00
251248,261,24.00
251395,260,24.00
251540,260,24.00
251684,260,24.00
251828,260,24.00
251973,261,24.00
252117,260,24.00
252262,261,24.00
252406,261,24.00
252551,261,24.00
252695,261,24.00
252840,261,24.00
252984,260,24.00
253128,261,24.00
253275,261,24.00
253419,260,24.00
253563,260,24.00
253708,260,24.00
253852,261,24.00
253997,261,24.00
254141,260,24.00
254285,260,24.00
254430,260,24.00
254574,259,24.00
254719,261,24.00
254863,261,24.00
255008,261,24.00
255152,261,24.00
255297,259,24.00
255444,260,24.00
255588,261,24.00
255733,260,24.00
255877,261,24.00
256021,260,24.00
256166,260,24.00
256310,260,24.00
256454,261,24.00
256599,261,24.00
256743,260,24.00
256888,261,24.00
257032,260,24.00
257177,261,24.00
257323,261,24.00
257467,261,24.00
257612,261,24.00
257756,260,24.00
257900,261,24.00
258045,261,24.00
258189,260,24.00
258334,260,24.00
258478,261,24.00
258622,260,24.00
258767,261,24.00
258911,261,24.00
259056,261,24.00
259200,261,24.00
259344,261,24.00
259489,260,24.00
259636,261,24.00
259781,261,24.00
259925,261,24.00
260069,260,24.00
260214,260,24.00
260358,260,24.00
260502,260,24.00
260647,261,24.00
260791,261,24.00
260936,261,24.00
261080,260,24.00
261226,261,24.00
261371,261,24.00
261515,261,24.00
261660,261,24.00
261804,260,24.00
261949,261,24.00
262093,260,24.00
262237,262,24.00
262382,260,24.00
262526,260,24.00
262671,260,24.00
262815,260,24.00
262959,261,24.00
263104,260,24.00
263248,261,24.00
263392,261,24.00
263537,260,24.00
263684,260,24.00
263828,260,24.00
263973,261,24.00
264117,261,24.00
264262,261,24.00
264406,261,24.00
264551,261,24.00
264695,262,24.00
264840,260,24.00
264984,259,24.00
265128,260,24.00
265275,260,24.00
265419,260,24.00
265563,261,24.00
265708,261,24.00
265852,261,24.00
265997,260,24.00
266141,259,24.00
266286,262,24.00
266430,261,24.00
266575,262,24.00
266719,261,24.00
266863,261,24.00
267008,261,24.00
267152,261,24.00
267297,260,24.00
267441,260,24.00
267585,261,24.00
267730,261,24.00
267877,261,24.00
268021,260,24.00
268166,261,24.00
268310,260,24.00
268455,260,24.00
268599,261,24.00
268744,260,24.00
268888,261,24.00
269033,260,24.00
269179,260,24.00
269323,260,24.00
269468,261,24.00
269612,260,24.00
269756,260,24.00
269901,261,24.00
270045,261,24.00
270190,262,24.00
270334,261,24.00
270479,260,24.00
270623,260,24.00
270767,261,24.00
270912,261,24.00
271056,261,24.00
271201,261,24.00
271345,260,24.00
271490,260,24.00
271634,261,24.00
271778,262,24.00
271925,261,24.00
272070,260,24.00
272214,260,24.00
272358,260,24.00
272503,261,24.00
272647,261,24.00
272791,260,24.00
272936,261,24.00
273080,260,24.00
273226,260,24.00
273370,261,24.00
273515,260,24.00
273659,261,24.00
273803,261,24.00
273948,260,24.00
274092,261,24.00
274236,260,24.00
274380,261,24.00
274525,262,24.00
274669,261,24.00
274813,260,24.00
274958,261,24.00
275102,260,24.00
275246,261,24.00
275391,261,24.00
275535,260,24.00
275679,260,24.00
275824,260,24.00
275970,260,24.00
276115,262,24.00
276259,260,24.00
276403,260,24.00
276548,261,24.00
276692,260,24.00
276836,261,24.00
276980,261,24.00
277125,261,24.00
277271,261,24.00
277415,261,24.00
277559,260,24.00
277704,262,24.00
277848,260,24.00
277992,261,24.00
278137,259,24.00
278281,260,24.00
278425,261,24.00
278570,261,24.00
278714,260,24.00
278858,261,24.00
279002,261,24.00
279147,260,24.00
279291,261,24.00
279435,261,24.00
279580,261,24.00
279724,260,24.00
279868,260,24.00
280013,261,24.00
280160,260,24.00
280304,261,24.00
280449,261,24.00
280593,261,24.00
280737,261,24.00
280882,261,24.00
281026,259,24.00
281172,261,24.00
281317,260,24.00
281461,261,24.00
281606,261,24.00
281750,260,24.00
281894,261,24.00
282039,261,24.00
282183,260,24.00
282328,260,24.00
282472,260,24.00
282617,261,24.00
282761,260,24.00
282906,261,24.00
283050,260,24.00
283194,261,24.00
283339,260,24.00
283483,260,24.00
283628,260,24.00
283772,261,24.00
283916,261,24.00
284061,261,24.00
284208,261,24.00
284352,261,24.00
284497,261,24.00
284641,261,24.00
284786,260,24.00
284930,260,24.00
285075,260,24.00
285221,260,24.00
285365,260,24.00
285510,261,24.00
285654,261,24.00
285799,260,24.00
285943,260,24.00
286087,261,24.00
286232,261,24.00
286376,260,24.00
286521,261,24.00
286665,261,24.00
286810,261,24.00
286954,261,24.00
287099,261,24.00
287243,260,24.00
287387,260,24.00
287532,260,24.00
287676,261,24.00
287821,260,24.00
287965,261,24.00
288109,260,24.00
288254,262,24.00
288401,261,24.00
288545,261,24.00
288690,260,24.00
288834,260,24.00
288979,261,24.00
289125,260,24.00
289269,261,24.00
289414,261,24.00
289558,260,24.00
289703,260,24.00
289847,260,24.00
289991,260,24.00
290136,261,24.00
290280,260,24.00
290424,260,24.00
290569,261,24.00
290713,261,24.00
290858,260,24.00
291002,261,24.00
291147,261,24.00
291291,260,24.00
291435,261,24.00
291580260,24.00
291724,260,24.00
291869,261,24.00
292013,260,24.00
292158,260,24.00
292302,261,24.00
292449,260,24.00
292593,260,24.00
292738,261,24.00
292882,261,24.00
293027,261,24.00
293173,260,24.00
293317,262,24.00
293462,262,24.00
293606,261,24.00
293751,260,24.00
293895,260,24.00
294039,261,24.00
294184,260,24.00
294328,260,24.00
294473,260,24.00
294617,261,24.00
294761,261,24.00
294906,261,24.00
295050,260,24.00
295194,262,24.00
295339,261,24.00
295483,260,24.00
295628,261,24.00
295772,260,24.00
295917,261,24.00
296061,260,24.00
296211,260,24.00
296355,260,24.00
296500,261,24.00
296647,261,24.00
296791,260,24.00
296936,261,24.00
297082,260,24.00
297226,260,24.00
297371,260,24.00
297515,261,24.00
297660,261,24.00
297804,261,24.00
297949,261,24.00
298093,260,24.00
298237,261,24.00
298382,261,24.00
298526,262,24.00
298671,260,24.00
298815,259,24.00
298960,261,24.00
299104,261,24.00
299248,260,24.00
299393,260,24.00
299537,261,24.00
299682,261,24.00
299826,260,24.00
299971,260,24.00
300115,261,24.00
300259,260,24.00
300404,261,24.00
300548,261,24.00
300696,261,24.00
300840,261,24.00
300984,260,24.00
301130,260,24.00
301275,260,24.00
301419,260,24.00
301564,261,24.00
301708,261,24.00
301852,261,24.00
301997,261,24.00
302141,262,24.00
302286,261,24.00
302430,260,24.00
302575,260,24.00
302719,261,24.00
302864,261,24.00
303008,261,24.00
303153,260,24.00
303297,261,24.00
303441,260,24.00
303586,260,24.00
303730,262,24.00
303875,260,24.00
304019,261,24.00
304163,261,24.00
304308,262,24.00
304452,260,24.00
304597,260,24.00
304741,261,24.00
304888,261,24.00
305034,261,24.00
305179,261,24.00
305323,260,24.00
305467,261,24.00
305611,261,24.00
305756,261,24.00
305900,260,24.00
306044,261,24.00
306189,261,24.00
306333,260,24.00
306477,260,24.00
306621,261,24.00
306766,261,24.00
306910,260,24.00
307054,261,24.00
307199,261,24.00
307343,261,24.00
307487,261,24.00
307632,260,24.00
307776,261,24.00
307920,261,24.00
308065,261,24.00
308209,260,24.00
308353,261,24.00
308497,261,24.00
308642,260,24.00
308786,261,24.00
308933,260,24.00
309079,261,24.00
309223,260,24.00
309368,260,24.00
309512,261,24.00
309656,261,24.00
309801,261,24.00
309945,260,24.00
310089,260,24.00
310233,261,24.00
310378,260,24.00
310522,260,24.00
310666,260,24.00
310811,260,24.00
310955,261,24.00
311099,261,24.00
311243,261,24.00
311388,260,24.00
311532,260,24.00
311676,260,24.00
311821,261,24.00
311965,260,24.00
312109,260,24.00
312254,259,24.00
312398,260,24.00
312542,261,24.00
312687,260,24.00
312831,261,24.00
312978,261,24.00
313124,261,24.00
313268,261,24.00
313413,261,24.00
313557,261,24.00
313702,261,24.00
313846,260,24.00
313991,260,24.00
314135,261,24.00
314280,261,24.00
314424,261,24.00
314568,260,24.00
314713,261,24.00
314857,261,24.00
315002,260,24.00
315146,260,24.00
315290,261,24.00
315435,260,24.00
315579,260,24.00
315724,261,24.00
315868,261,24.00
316013,261,24.00
316157,260,24.00
316301,260,24.00
316446,261,24.00
316590,261,24.00
316735,261,24.00
316879,261,24.00
317024,261,24.00
317173,261,24.00
317317,260,24.00
317461,261,24.00
317606,261,24.00
317750,260,24.00
317895,261,24.00
318039,260,24.00
318183,260,24.00
318328,261,24.00
318472,260,24.00
318617,261,24.00
318761,261,24.00
318906,260,24.00
319050,260,24.00
319195,261,24.00
319339,261,24.00
319483,260,24.00
319628,260,24.00
319772,261,24.00
319917,261,24.00
320061,260,24.00
320205,260,24.00
320350,260,24.00
320494,261,24.00
320639,261,24.00
320783,261,24.00
320928,261,24.00
321074,261,24.00
321221,260,24.00
321365,261,24.00
321510,260,24.00
321654,259,24.00
321799,259,24.00
321943,260,24.00
322087,261,24.00
322232,261,24.00
322376,260,24.00
322521,261,24.00
322665,259,24.00
322809,261,24.00
322954,261,24.00
323098,259,24.00
323243,261,24.00
323387,260,24.00
323532,260,24.00
323676,260,24.00
323820,261,24.00
323965,261,24.00
324109,260,24.00
324254,260,24.00
324398,261,24.00
324542,261,24.00
324687,260,24.00
324831,261,24.00
324976,260,24.00
325122,261,24.00
325266,260,24.00
325413,260,24.00
325558,260,24.00
325702,260,24.00
325847,260,24.00
325991,260,24.00
326135,260,24.00
326280,261,24.00
326424,261,24.00
326569,261,24.00
326713,260,24.00
326857,261,24.00
327002,262,24.00
327146,260,24.00
327291,260,24.00
327435,261,24.00
327580,259,24.00
327724,261,24.00
327868,260,24.00
328013,260,24.00
328157,260,24.00
328302,260,24.00
328446,260,24.00
328590,261,24.00
328735,261,24.00
328879,260,24.00
329025,260,24.00
329170,261,24.00
329314,260,24.00
329461,261,24.00
329606,260,24.00
329750,260,24.00
329895,259,24.00
330039,260,24.00
330184,260,24.00
330328,260,24.00
330472,260,24.00
330617,261,24.00
330761,259,24.00
330906,260,24.00
331050,261,24.00
331194,260,24.00
331339,260,24.00
331483,260,24.00
331628,261,24.00
331772,261,24.00
331917,259,24.00
332061,260,24.00
332206,260,24.00
332350,261,24.00
332494,260,24.00
332639,261,24.00
332783,261,24.00
332928,261,24.00
333074,260,24.00
333218,261,24.00
333363,261,24.00
333507,261,24.00
333654,260,24.00
333799,261,24.00
333943,260,24.00
334087,261,24.00
334232,259,24.00
334376,260,24.00
334521,261,24.00
334665,260,24.00
334810,261,24.00
334954,260,24.00
335099,260,24.00
335243,260,24.00
335387,260,24.00
335532,260,24.00
335676,260,24.00
335821,260,24.00
335965,261,24.00
336109,261,24.00
336254,260,24.00
336398,260,24.00
336543,260,24.00
336687,260,24.00
336832,260,24.00
336978,261,24.00
337122,260,24.00
337267,261,24.00
337411,261,24.00
337556,261,24.00
337703,260,24.00
337847,260,24.00
337991,260,24.00
338135,261,24.00
338280,261,24.00
338424,261,24.00
338568,261,24.00
338713,261,24.00
338857,260,24.00
339001,260,24.00
339146,261,24.00
339290,261,24.00
339434,261,24.00
339579,261,24.00
339723,261,24.00
339867,261,24.00
340011,260,24.00
340156,260,24.00
340300,260,24.00
340444,261,24.00
340589,260,24.00
340733,261,24.00
340877,261,24.00
341023,260,24.00
341168,261,24.00
341312,260,24.00
341456,262,24.00
341601,261,24.00
341745,261,24.00
341892,260,24.00
342036,261,24.00
342180,261,24.00
342325,261,24.00
342469,261,24.00
342613,261,24.00
342758,261,24.00
342902,261,24.00
343046,260,2.00
343190,260,24.00
343335,261,24.00
343479,261,24.00
343623,261,24.00
343768,261,24.00
343912,261,24.00
344056,260,24.00
344201,261,24.00
344345,261,24.00
344489,261,24.00
344634,261,24.00
344778,261,24.00
344922,260,24.00
345068,260,24.00
345212,260,24.00
345357,260,24.00
345501,260,24.00
345645,261,24.00
345790,260,24.00
345937,262,24.00
346081,261,24.00
346226,261,24.00
346370,260,24.00
346514,261,24.00
346659,260,24.00
346803,262,24.00
346948,261,24.00
347092,260,24.00
347237,260,24.00
347381,261,24.00
347525,261,24.00
347670,261,24.00
347814,260,24.00
347959,261,24.00
348103,261,24.00
348248,262,24.00
348392,261,24.00
348537,262,24.00
348681,260,24.00
348825,260,24.00
348972,262,24.00
349116,260,24.00
349260,260,24.00
349405,261,24.00
349549,261,24.00
349694,260,24.00
349838,261,24.00
349985,260,24.00
350130,260,24.00
350274,260,24.00
350419,260,24.00
350563,261,24.00
350707,261,24.00
350852,261,24.00
350996,260,24.00
351141,261,24.00
351285,261,24.00
351430,260,24.00
351574,259,24.00
351718,261,24.00
351863,261,24.00
352007,261,24.00
352152,261,24.00
352296,261,24.00
352440,260,24.00
352585,261,24.00
352729,261,24.00
352874,259,24.00
353020,260,24.00
353165,261,24.00
353309,261,24.00
353453,261,24.00
353598,260,24.00
353742,261,24.00
353887,260,24.00
354031,260,24.00
354178,260,24.00
354322,260,24.00
354467,260,24.00
354611,261,24.00
354756,260,24.00
354900,260,24.00
355045,260,24.00
355189,260,24.00
355334,261,24.00
355478,260,24.00
355622,260,24.00
355767,260,24.00
355911,260,24.00
356055,261,24.00
356200,260,24.00
356344,261,24.00
356489,260,24.00
356633,261,24.00
356777,260,24.00
356924,262,24.00
357068,261,24.00
357213,261,24.00
357357,261,24.00
357501,260,24.00
357646,260,24.00
357790,261,24.00
357935,260,24.00
358079,260,24.00
358226,261,24.00
358370,260,24.00
358515,260,24.00
358659,261,24.00
358804,260,24.00
358948,259,24.00
359092,260,24.00
359237,261,24.00
359381,260,24.00
359526,260,24.00
359670,261,24.00
359815,261,24.00
359959,261,24.00
360104,260,24.00
360248,261,24.00
360392,261,24.00
360537,260,24.00
360681,260,24.00
360826,260,24.00
360972,261,24.00
361116,261,24.00
361261,261,24.00
361405,260,24.00
361549,260,24.00
361694,261,24.00
361838,260,24.00
361983,261,24.00
362127,260,24.00
362272,262,24.00
362419,261,24.00
362563,262,24.00
362707,260,24.00
362852,260,24.00
362996,261,24.00
363141,261,24.00
363285,260,24.00
363430,261,24.00
363574,261,24.00
363718,261,24.00
363863,260,24.00
364007,260,24.00
364152,262,24.00
364296,260,24.00
364441,260,24.00
364585,260,24.00
364730,261,24.00
364876,261,24.00
365020,261,24.00
365165,260,24.00
365309,260,24.00
365453,261,24.00
365598,261,24.00
365742,259,24.00
365887,262,24.00
366031,260,24.00
366175,261,24.00
366320,260,24.00
366467,261,24.00
366612,260,24.00
366756,260,24.00
366900,261,24.00
367045,260,24.50
367189,261,24.00
367334,261,24.00
367478,261,24.00
367622,260,24.00
367767,260,24.50
367911,260,24.00
368056,261,24.00
368200,259,24.00
368345,260,24.50
368489,260,24.00
368634,260,24.50
368778,261,24.00
368924,260,24.00
369069,261,24.50
369213,260,24.00
369358,262,24.50
369502,260,24.00
369646,260,24.00
369791,261,24.00
369935,260,24.00
370080,261,24.00
370224,261,24.50
370368,260,24.50
370513,261,24.00
370660,260,24.50
370804,260,24.50
370949,260,24.00
371093,260,24.50
371237,261,24.50
371382,261,24.50
371526,261,24.50
371670,260,24.50
371814,259,24.00
371959,260,24.50
372103,260,24.00
372247,261,24.50
372392,261,24.00
372536,260,24.00
372680,261,24.50
372826,261,24.50
372971,261,24.50
373115,261,24.50
373259,260,24.00
373404,261,24.50
373548,261,24.50
373692,261,24.50
373837,261,24.50
373981,260,24.50
374125,261,24.00
374270,260,24.50
374414,261,24.50
374558,261,24.50
374705,259,24.50
374849,260,24.00
374994,261,24.50
375138,260,24.50
375282,262,24.50
375427,260,24.50
375571,261,24.50
375715,260,24.50
375860,261,24.50
376004,261,24.50
376148,261,24.00
376292,260,24.50
376437,261,24.50
376581,261,24.50
376725,260,24.50
376871,261,24.50
377016,260,24.50
377160,260,24.50
377304,260,24.50
377449,261,24.50
377593,260,24.50
377737,260,24.50
377882,260,24.50
378026,260,24.50
378170,261,24.50
378315,261,24.50
378459,260,24.50
378603,260,24.50
378747,260,24.50
378894,260,24.50
379039,260,24.50
379183,261,24.50
379328,260,24.50
379472,261,24.50
379617,261,24.50
379761,261,24.50
379906,261,24.50
380050,260,24.50
380195,260,24.50
380339,261,24.50
380483,260,24.50
380628,260,24.50
380772,261,24.50
380918,260,24.50
381063,262,24.50
381207,260,24.50
381352,260,24.50
381496,260,24.50
381641,260,24.50
381785,260,24.50
381929,260,24.50
382074,261,24.50
382218,259,24.50
382363,260,24.50
382507,260,24.50
382652,261,24.50
382796,260,24.00
382943,260,24.50
383088,261,24.50
383232,260,24.50
383376,259,24.50
383521,260,24.50
383665,261,24.50
383810,261,24.50
383954,259,24.50
384099,261,24.50
384243,260,24.50
384388,260,24.50
384532,261,24.50
384677,261,24.50
384823,260,24.50
384967,262,24.50
385112,260,24.50
385256,261,24.50
385400,260,24.50
385545,260,24.50
385689,260,24.50
385834,260,24.50
385978,261,24.50
386123,261,24.50
386267,260,24.50
386411,261,24.50
386556,261,24.50
386700,261,24.50
386845,261,24.50
386992,261,24.50
387136,261,24.50
387281,260,24.50
387425,260,24.50
387570,260,24.50
387714,261,24.50
387858,260,24.50
388003,260,24.50
388147,260,24.50
388292,260,24.50
388436,261,24.50
388580,259,24.50
388725,261,24.50
388871,260,24.50
389016,261,24.50
389160,260,24.50
389304,261,24.50
389449,260,24.50
389593,260,24.50
389738,261,24.50
389882,261,24.50
390027,260,24.50
390171,260,24.50
390315,261,24.50
390460,260,24.50
390604,261,24.50
390749,261,24.50
390893,261,24.50
391037,261,24.50
391185,260,24.50
391329,261,24.50
391473,262,24.50
391618,260,24.50
391762,261,24.50
391907,261,24.50
392051,261,24.50
392196,260,24.50
392340,261,24.50
392484,260,24.50
392629,262,24.50
392775,262,24.50
392919,261,24.50
393064,260,24.50
393208,261,24.50
393353,260,24.50
393497,260,24.50
393642,260,24.50
393786,261,24.50
393930,261,24.5
394075,261,24.50
394219,260,24.50
394364,262,24.50
394508,260,24.50
394652,261,24.50
394797,261,24.50
394941,261,24.50
395086,261,24.50
395233,260,24.50
395377,261,24.50
395522,261,24.50
395666,261,24.50
395811,260,24.50
395955,260,24.50
396100,261,24.50
396244,261,24.50
396388,261,24.50
396533,261,24.50
396677,259,24.50
396823,261,24.50
396968,260,24.50
397112,260,24.50
397257,260,24.50
397401,262,24.50
397546,260,24.50
397690,260,24.50
397834,260,24.50
397979,261,24.50
398123,260,24.50
398268,261,24.50
398412,260,24.50
398557,259,24.50
398701,261,24.50
398846,260,24.50
398990,260,24.50
399134,260,24.50
399279,261,24.50
399426,259,24.50
399570,261,24.50
399715,261,24.50
399859,262,24.50
400004,260,24.50
400148,260,24.50
400293,260,24.50
400437,260,24.50
400582,260,24.50
400728,261,24.50
400872,261,24.50
401017,260,24.50
401161,261,24.50
401305,260,24.50
401450,261,24.50
401594,261,24.50
401739,261,24.50
401883,260,24.50
402028,261,24.50
402172,260,24.50
402316,261,24.50
402461,260,24.50
402605,260,24.50
402750,260,24.50
402894,259,24.50
403039,261,24.50
403183,261,24.50
403328,261,24.50
403475,260,24.50
403619,260,24.50
403763,261,24.50
403908,260,24.50
404052,261,24.50
404196,261,24.50
404340,260,24.50
404485,261,24.50
404629,260,24.50
404775,261,24.50
404920,259,24.50
405064,260,24.50
405208,261,24.50
405353,260,24.50
405497,261,24.50
405641,260,24.50
405785,261,24.50
405930,260,24.50
406074,260,24.50
406218,260,24.50
406363,261,24.50
406507,260,24.50
406651,260,24.50
406796,261,24.50
406940,261,24.50
407084,260,24.50
407229,261,24.50
407373,261,24.50
407517,261,24.50
407672,260,24.50
407816,260,24.50
407960,260,24.50
408104,260,24.50
408249,260,24.50
408393,260,24.50
408539,261,24.50
408683,261,24.50
408828,260,24.50
408972,261,24.50
409116,261,24.50
409261,261,24.50
409405,261,24.50
409549,260,24.50
409694,260,24.50
409838,259,24.50
409982,261,24.50
410127,260,24.50
410271,261,24.50
410415,261,24.50
410560,260,24.50
410704,260,24.50
410848,261,24.50
410992,260,24.50
411137,261,24.50
411281,260,24.50
411425,261,24.50
411570,261,24.50
411717,260,24.50
411861,260,24.50
412006,260,24.50
412150,261,24.50
412295,260,24.50
412439,260,24.50
412585,260,24.50
412730,261,24.50
412874,261,24.50
413018,261,24.50
413163,259,24.50
413307,260,24.50
413452,261,24.50
413596,260,24.50
413741,259,24.50
413885,261,24.50
414030,260,24.50
414174,260,24.50
414319,261,24.50
414463,260,24.50
414607,260,24.50
414752,259,24.50
414896,261,24.50
415041,261,24.50
415185,261,24.50
415329,260,24.50
415474,260,24.50
415618,261,24.50
415763,260,24.50
415910,260,24.50
416054,259,24.50
416199,260,24.50
416343,261,24.50
416490,261,24.50
416634,260,24.50
416778,261,24.50
416923,260,24.50
417067,261,24.50
417212,260,24.50
417356,261,24.50
417501,261,24.50
417645,260,24.50
417789,260,24.50
417934,260,24.50
418078,260,24.50
418223,260,24.50
418367,260,24.50
418512,260,24.50
418656,261,24.50
418801,261,24.50
418945,260,24.50
419089,260,24.50
419234,260,24.50
419378,261,24.50
419523,260,24.50
419667,260,24.50
419811,260,24.50
419959,260,24.50
420103,260,24.50
420247,261,24.50
420392,260,24.50
420538,260,24.50
420683,260,24.50
420827,261,24.50
420971,260,24.50
421116,260,24.50
421260,260,24.50
421405,261,24.50
421549,260,24.50
421693,260,24.50
421838,260,24.50
421982,261,24.50
422127,260,24.50
422271,261,24.50
422416,260,24.50
422560,260,24.50
422704,260,24.50
422849,260,24.50
422993,260,24.50
423138,260,24.50
423282,261,24.50
423427,260,24.50
423571,259,24.50
423715,259,24.50
423860,260,24.50
424007,260,24.50
424151,261,24.50
424296,261,24.50
424442,261,24.50
424586,261,24.50
424731,261,24.50
424875,260,24.50
425020,261,24.50
425164,260,24.50
425309,261,24.50
425453,261,24.50
425597,260,24.50
425742,260,24.50
425886,261,24.50
426031,261,24.50
426175,261,24.50
426319,260,24.50
426464,261,24.50
426608,260,24.50
426753,261,24.50
426897,261,24.50
427041,260,24.50
427186,261,24.50
427330,261,24.50
427475,261,24.50
427619,260,24.50
427764,260,24.50
427908,260,24.50
428053,261,24.50
428200,260,24.50
428344,260,24.50
428490,260,24.50
428635,260,24.50
428779,261,24.50
428924,260,24.50
429068,261,24.50
429212,260,24.50
429357,260,24.50
429501,260,24.50
429646,259,24.50
429790,260,24.50
429935,261,24.50
430079,261,24.50
430224,260,24.50
430368,261,24.50
430512,262,24.50
430657,261,24.50
430801,260,24.50
430946,260,24.50
431090,260,24.50
431235,260,24.50
431379,260,24.50
431524,261,24.50
431668,261,24.50
431812,260,24.50
431957,261,24.50
432101,260,24.50
432249,261,24.50
432395,261,24.50
432539,261,24.50
432684,260,24.50
432828,261,24.50
432972,261,24.50
433117,261,24.50
433261,260,24.50
433406,260,24.50
433550,260,24.50
433695,261,24.50
433839,261,24.50
433984,262,24.50
434128,261,24.50
434272,260,24.50
434417,261,24.50
434561,261,24.50
434706,260,24.50
434850,261,24.50
434995,259,24.50
435139,260,24.50
435284,261,24.50
435428,261,24.50
435572,260,24.50
435717,261,24.50
435861,261,24.50
436006,261,24.50
436150,261,24.50
436295,261,24.50
436443,260,24.50
436588,260,24.50
436732,260,24.50
436876,260,24.50
437021,261,24.50
437165,260,24.50
437309,261,24.50
437454,260,24.50
437598,260,24.50
437742,260,24.50
437886,260,24.50
438031,261,24.50
438175,261,24.50
438319,259,24.50
438464,260,24.50
438608,261,24.50
438752,261,24.50
438897,260,24.50
439041,259,24.50
439185,261,24.50
439330,261,24.50
439474,261,24.50
439618,261,24.50
439763,261,24.50
439907,260,24.50
440051,261,24.50
440195,260,24.50
440340,262,24.50
440488,261,24.50
440633,260,24.50
440777,262,24.50
440921,261,24.50
441066,261,24.50
441210,260,24.50
441354,260,24.50
441499,261,24.50
441643,261,24.50
441787,259,24.50
441932,260,24.50
442076,261,24.50
442220,260,24.50
442364,260,24.50
442509,261,24.50
442653,261,24.50
442797,260,24.50
442942,262,24.50
443086,260,24.50
443230,260,24.50
443375,261,24.50
443519,260,24.50
443663,259,24.50
443808,260,24.50
443952,261,24.50
444096,261,24.50
444241,261,24.50
444385,260,24.50
444531,260,24.50
444678,261,24.50
444823,259,24.50
444967,260,24.50
445111,261,2.50
445256,261,24.50
445400,261,24.50
445545,260,24.50
445689,260,24.50
445834,260,24.50
445978,260,24.50
446123,261,24.50
446267,260,24.50
446412,260,24.50
446556,261,24.50
446700,261,24.50
446845,261,24.50
446989,261,24.50
447134,260,24.50
447278,260,24.50
447422,261,24.50
447567,260,24.50
447711,260,24.50
447856,261,24.50
448000,261,24.50
448145,261,24.50
448289,260,24.50
448436,260,24.50
448580,262,24.50
448727,261,24.50
448871,260,24.50
449016,260,24.50
449160,261,24.50
449305,260,24.50
449449,261,24.50
449594,260,24.50
449738,261,24.50
449882,260,24.50
450027,260,24.50
450171,260,24.50
450316,261,24.50
450460,260,24.50
450605,261,24.50
450749,260,24.50
450894,260,24.50
451038,261,24.50
451182,260,24.50
451327,261,24.50
451471,261,24.50
451616,261,24.50
451760,261,24.50
451905,262,24.50
452049,261,24.50
452193,261,24.50
452338,261,24.50
452484,261,24.50
452629,261,24.50
452773,261,24.50
452920,260,24.50
453065,261,24.50
453209,260,24.50
453353,260,24.50
453498,260,24.50
453642,261,24.50
453787,261,24.50
453931,260,24.50
454075,261,24.50
454220,260,24.50
454364,260,24.50
454509,261,24.50
454653,260,24.50
454798,261,24.50
454942,262,24.50
455087,260,24.50
455231,260,24.50
455375,261,24.50
455520,260,24.50
455664,259,24.50
455809,261,24.50
455953,261,24.50
456097,260,24.50
456242,260,24.50
456388,260,24.50
456532,261,24.50
456677,260,24.50
456821,260,24.50
456968,260,24.50
457113,260,24.50
457257,260,24.50
457402,260,24.50
457546,260,24.50
457691,261,24.50
457835,260,24.50
457979,260,24.50
458124,260,24.50
458268,261,24.50
458413,260,24.50
458557,261,24.50
458701,259,24.50
458846,261,24.50
458990,261,24.50
459135,260,24.50
459279,260,24.50
459424,261,24.50
459568,260,24.50
459713,260,24.50
459857,261,24.50
460001,260,24.50
460146,260,24.50
460290,260,24.50
460436,260,24.50
460581,261,24.50
460725,261,24.50
460869,261,24.50
461017,260,24.50
461161,260,24.50
461305,260,24.50
461450,260,24.50
461594,261,24.50
461739,260,24.50
461883,261,24.50
462028,260,24.50
462172,260,24.50
462317,261,24.50
462461,261,24.50
462606,261,24.50
462750,261,24.50
462894,261,24.50
463039,260,24.50
463183,260,24.50
463328,260,24.50
463472,261,24.50
463617,261,24.50
463761,260,24.50
463906,260,24.50
464050,259,24.50
464194,260,24.50
464341,261,24.50
464485,260,24.50
464630,260,24.50
464774,260,24.50
464918,261,24.50
465063,260,24.50
465210,260,24.50
465354,260,24.50
465499,261,24.50
465643,259,24.50
465788,261,24.50
465932,261,24.50
466077,260,24.50
466221,261,24.50
466366,261,24.50
466510,260,24.50
466654,260,24.50
466799,260,24.50
466943,261,24.50
467088,260,24.50
467232,261,24.50
467376,261,24.50
467521,261,24.50
467665,260,24.50
467810,261,24.50
467954,261,24.50
468099,260,24.50
468243,260,24.50
468389,261,24.50
468534,261,24.50
468678,261,24.50
468823,260,24.50
468967,261,24.50
469112,260,24.50
469259,261,24.50
469403,261,24.50
469547,261,24.50
469691,261,24.50
469836,260,24.50
469980,261,24.50
470124,260,24.50
470269,260,24.50
470413,260,24.50
470557,261,24.50
470702,261,24.50
470846,260,24.50
470990,261,24.50
471135,260,24.50
471279,261,24.50
471423,259,24.50
471568,260,24.50
471712,260,24.50
471856,260,24.50
472000,261,24.50
472145,260,24.50
472291,260,24.50
472435,260,24.50
472579,261,24.50
472724,261,24.50
472868,261,24.50
473013,261,24.50
473157,261,24.50
473301,261,24.50
473448,261,24.50
473592,260,24.50
473737,260,24.50
473881,261,24.50
474025,260,24.50
474170,261,24.50
474314,261,24.50
474458,261,24.50
474602,259,24.50
474747,261,24.50
474891,261,24.50
475035,261,24.50
475180,261,24.50
475324,260,24.50
475468,261,24.50
475613,261,24.50
475757,261,24.50
475901,260,24.50
476046,261,24.50
476190,260,24.50
476336,261,24.50
476480,261,24.50
476625,260,24.50
476769,261,24.50
476913,260,24.50
477058,260,24.50
477202,261,24.50
477346,261,24.50
477493,260,24.50
477638,260,24.50
477782,261,24.50
477927,261,24.50
478071,260,24.50
478216,260,24.50
478360,260,24.50
478504,260,24.50
478649,259,24.50
478793,261,24.50
478938,261,24.50
479082,260,24.50
479227,260,24.50
479371,261,24.50
479515,261,24.50
479660,260,24.50
479804,262,24.50
479949,261,24.50
480093,261,24.50
480238,259,24.50
480384,260,24.50
480528,261,24.50
480673,260,24.50
480817,260,24.50
480962,261,24.50
481106,259,24.50
481250,260,24.50
481395,261,24.50
481539,260,24.50
481686,260,24.50
481831,261,24.50
481975,260,24.50
482120,260,24.50
482264,260,24.50
482409,261,24.50
482553,260,24.50
482698,261,24.50
482842,260,24.50
482987,261,24.50
483131,260,24.50
483275,260,24.50
483420,260,24.50
483564,260,24.50
483709,262,24.50
483853,260,24.50
483998,261,24.50
484142,260,24.50
484288,262,24.50
484433,261,24.50
484577,260,24.50
484722,261,24.50
484866,261,24.50
485011,261,24.50
485155,260,24.50
485299,261,24.50
485444,260,24.50
485588,260,24.50
485735,261,24.50
485880,260,24.50
486024,262,24.50
486169,261,24.50
486313,261,24.50
486458,261,24.50
486602,260,24.50
486747,261,24.50
486891,260,24.50
487036,260,24.50
487180,260,24.50
487324,260,24.50
487469,261,24.50
487613,260,24.50
487757,261,24.50
487902,261,24.50
488046,261,24.50
488191,259,24.50
488337,262,24.50
488481,260,24.50
488626,261,24.50
488770,261,24.50
488915,259,24.50
489059,260,24.50
489204,259,24.50
489348,260,24.50
489493,261,24.50
489637,260,24.50
489781,261,24.50
489928,260,24.50
490073,261,24.50
490217,260,24.50
490362,261,24.50
490506,261,24.50
490650,260,24.50
490795,260,24.50
490939,261,24.50
491084,261,24.50
491228,261,24.50
491373,260,24.50
491517,260,24.50
491662,261,24.50
491806,261,24.50
491950,260,24.50
492095,261,24.50
492241,260,24.50
492385,262,24.50
492530,260,24.50
492674,260,24.50
492819,262,24.50
492963,260,24.50
493107,260,24.50
493252,260,24.50
493396,260,24.50
493541,260,24.50
493685,260,24.50
493830,260,24.50
493977,260,24.50
494121,261,24.50
494266,261,24.50
494410,260,24.50
494554,259,24.50
494699,260,24.50
494843,259,24.50
494988,262,24.50
495132,261,24.50
495277,260,24.50
495421,260,24.50
495566,261,24.50
495710,261,24.50
495855,260,24.50
495999,260,24.50
496144,261,24.50
496290,260,24.50
496434,261,24.50
496579,260,24.50
496723,260,24.50
496867,261,24.50
497012,260,24.50
497156,260,24.50
497301,262,24.50
497445,261,24.50
497590,261,24.50
497734,261,24.50
497879,261,24.50
498026,262,24.50
498170,60,24.50
498315,260,24.50
498459,260,24.50
498604,260,24.50
498748,260,24.50
498892,260,24.50
499037,260,24.50
499181,260,24.50
499326,261,24.50
499470,260,24.50
499615,261,24.50
499759,260,24.50
499903,260,24.50
500048,260,24.50
500201,260,24.50
500345,260,24.50
500490,261,24.50
500634,261,24.50
500779,261,24.50
500923,261,24.50
501067,260,24.50
501212,260,24.50
501356,260,24.50
501501,261,24.50
501645,261,24.50
501790,261,24.50
501934,261,24.50
502078,261,24.50
502225,260,24.50
502370,260,24.50
502514,261,24.50
502658,261,24.50
502803,261,24.50
502947,260,24.50
503091,260,24.50
503236,261,24.50
503380,259,24.50
503524,260,24.50
503669,260,24.50
503813,261,24.50
503957,261,24.50
504101,261,24.50
504250,259,24.50
504395,259,24.50
504539,260,24.50
504683,261,24.50
504828,262,24.50
504972,261,24.50
505116,260,24.50
505261,260,24.50
505405,261,24.50
505549,261,24.50
505693,261,24.50
505838,260,24.50
505982,261,24.50
506126,261,24.50
506273,261,24.50
506417,261,24.50
506562,260,24.50
506706,262,24.50
506850,261,24.50
506995,261,24.50
507139,260,24.50
507283,260,24.50
507428,261,24.50
507572,260,24.50
507716,261,24.50
507861,260,24.50
508005,261,24.50
508149,260,24.50
508295,260,24.50
508440,260,24.50
508584,260,24.50
508728,261,24.50
508873,260,24.50
509017,260,24.50
509161,260,24.50
509306,260,24.50
509450,260,24.50
509594,261,24.50
509739,261,24.50
509883,260,24.50
510027,261,24.50
510171,262,24.50
510316,261,24.50
510463,259,24.50
510607,260,24.50
510752,261,24.50
510896,261,24.50
511040,260,24.50
511185,260,24.50
511329,260,24.50
511474,261,24.50
511618,260,24.50
511763,261,24.50
511907,260,24.50
512052,260,24.50
512198,260,24.50
512342,261,24.50
512487,260,24.50
512631,260,24.50
512776,261,24.50
512920,260,24.50
513064,260,24.50
513209,261,24.50
513353,261,24.50
513498,262,24.50
513642,260,24.50
513787,260,24.50
513931,260,24.50
514076,261,24.50
514220,261,24.50
514365,261,24.50
514512,261,24.50
514656,261,24.50
514800,260,24.50
514945,260,24.50
515089,261,24.50
515234,261,24.50
515378,261,24.50
515523,261,24.50
515667,261,24.50
515811,262,24.50
515956,261,24.50
516100,260,24.50
516247,260,24.50
516391,261,24.50
516536,260,24.50
516680,260,24.50
516825,260,24.50
516969,261,24.50
517113,261,24.50
517258,261,24.50
517402,260,24.50
517547,260,24.50
517691,260,24.50
517835,261,24.50
517980,260,24.50
518124,261,24.50
518269,260,24.50
518413,260,24.50
518558,260,24.50
518705,261,24.50
518849,260,24.50
518994,260,24.50
519138,261,24.50
519283,260,24.50
519427,260,24.50
519571,261,24.50
519716,260,24.50
519860,261,24.50
520005,261,24.50
520151,261,24.50
520295,261,24.50
520440,261,24.50
520584,261,24.50
520728,260,24.50
520873,260,24.50
521017,260,24.50
521162,261,24.50
521306,260,24.50
521451,261,24.50
521595,260,24.50
521739,260,24.50
521884,261,24.50
522028,260,24.50
522173,261,24.50
522317,260,24.50
522461,260,24.50
522606,260,24.50
522753,261,24.50
522897,260,24.50
523042,261,24.50
523186,261,24.50
523331,261,24.50
523475,260,24.50
523620,260,24.50
523764,260,24.50
523908,261,24.50
524053,261,24.50
524199,260,24.50
524343,260,24.50
524488,261,24.50
524632,260,24.50
524777,261,24.50
524921,260,24.50
525066,261,24.50
525210,261,24.50
525355,259,24.50
525499,261,24.50
525643,260,24.50
525788,260,24.50
525932,260,24.50
526077,261,24.50
526221,261,24.50
526365,261,24.50
526510,260,24.50
526654,261,24.50
526799,260,24.50
526946,260,24.50
527090,261,24.50
527235,260,24.50
527379,261,24.50
527524,260,24.50
527668,260,24.50
527813,260,24.50
527957,261,24.50
528103,260,24.50
528248,261,24.50
528392,259,24.50
528536,260,24.50
528681,260,24.50
528825,260,24.50
528970,260,24.50
529114,260,24.50
529259,260,24.50
529403,260,24.50
529547,261,24.50
529692,260,24.50
529836,261,24.50
529981,260,24.50
530125,260,24.50
530270,260,24.50
530414,261,24.50
530559,260,24.50
530703,260,24.50
530847,260,24.50
530995,260,24.50
531139,261,24.50
531283,261,24.50
531428,260,24.50
531572,260,24.50
531717,261,24.50
531861,260,24.50
532006,260,24.50
532152,260,24.50
532296,260,24.50
532441,260,24.50
532585,260,24.50
532730,260,24.50
532874,260,24.50
533019,262,24.50
533163,260,24.50
533307,261,24.50
533452,261,24.50
533596,260,24.50
533741,261,24.50
533885,261,24.50
534030,261,24.50
534174,260,24.50
534319,260,24.50
534463,260,24.50
534608,261,24.50
534752,260,24.50
534896,260,24.50
535043,260,24.50
535188,260,24.50
535332,259,24.50
535476,261,24.50
535621,261,24.50
535765,260,24.50
535909,261,24.50
536055,261,24.50
536200,261,24.50
536344,261,24.50
536488,261,24.50
536633,260,24.50
536777,259,24.50
536921,260,24.50
537066,259,24.50
537210,261,24.50
537354,260,24.50
537498,260,24.50
537643,261,24.50
537787,260,24.50
537931,260,24.50
538076,261,24.50
538220,260,24.50
538364,260,24.50
538509,260,24.50
538653,260,24.50
538797,261,24.50
538942,261,24.50
539086,260,24.50
539233,261,24.50
539377,261,24.50
539521,261,24.50
539666,260,24.50
539810,261,24.50
539954,260,24.50
540100,260,24.50
540245,261,24.50
540389,261,24.50
540533,261,24.50
540678,261,24.50
540822,261,24.50
540966,261,24.50
541111,260,24.50
541255,261,24.50
541399,260,24.50
541544,261,24.50
541688,260,24.50
541832,260,24.50
541977,260,24.50
542121,260,24.50
542265,260,24.50
542409,261,24.50
542554,260,24.50
542698,260,24.50
542842,260,24.50
542987,260,24.50
543131,261,24.50
543278,261,24.50
543423,260,24.50
543567,261,24.50
543712,261,24.50
543856,259,24.50
544000,261,24.50
544147,260,24.50
544291,260,24.50
544435,260,24.50
544580,260,24.50
544724,261,24.50
544869,261,24.50
545013,260,24.50
545157,260,24.50
545302,261,24.50
545446,260,24.50
545591,261,24.50
545735,261,24.50
545880,260,24.50
546024,260,24.50
546169,260,24.50
546313,261,24.50
546458,260,24.50
546602,260,24.50
546746,260,24.50
546891,260,24.50
547035,261,24.50
547180,260,24.50
547324,261,24.50
547471,260,24.50
547616,260,24.50
547760,261,24.50
547905,261,24.50
548051,260,24.50
548195,260,24.50
548340,260,24.50
548484,260,24.50
548629,260,24.50
548773,261,24.50
548917,260,24.50
549062,261,24.50
549206,261,24.50
549351,260,24.50
549495,261,24.50
549640,262,24.50
549784,260,2450
549928,262,24.50
550073,260,24.50
550217,261,24.50
550362,262,24.50
550506,260,24.50
550651,260,24.50
550795,261,24.50
550940,261,24.50
551084,261,24.50
551228,261,24.50
551373,260,24.50
551520,261,24.50
551664,260,24.50
551809,260,25.00
551953,261,24.50
552099,260,24.50
552244,260,24.50
552388,261,25.00
552533,261,25.00
552677,261,24.50
552822,261,24.50
552966,260,24.50
553111,261,24.50
553255,260,24.50
553399,261,24.50
553544,260,24.50
553688,261,24.50
553832,261,24.50
553977,261,24.50
554121,260,24.50
554266,260,24.50
554410,260,24.50
554555,259,24.50
554699,261,24.50
554843,261,24.50
554988,261,24.50
555132,261,24.50
555277,262,24.50
555421,260,24.50
555566,260,24.50
555713,260,24.50
555857,260,24.50
556003,261,24.50
556148,260,24.50
556292,261,24.50
556436,261,24.50
556581,260,24.50
556725,261,25.00
556870,260,25.00
557014,261,24.50
557159,261,24.50
557303,260,24.50
557448,260,24.50
557592,260,24.50
557736,261,24.50
557881,260,25.00
558025,261,25.00
558170,260,24.50
558314,260,24.50
558458,261,25.00
558603,260,24.50
558747,260,25.00
558892,261,24.50
559036,261,25.00
559180,261,24.50
559325,260,24.50
559469,259,24.50
559614,261,24.50
559761,260,24.50
559905,261,24.50
560052,261,25.00
560196,260,24.50
560340,261,24.50
560485,261,24.50
560629,260,24.50
560774,259,25.00
560918,261,25.00
561063,261,25.00
561207,260,25.00
561351,260,25.00
561496,261,25.00
561640,260,24.50
561785,260,24.50
561929,260,25.00
562074,260,24.50
562218,261,24.50
562363,260,24.50
562507,261,25.00
562651,261,24.50
562796,261,25.00
562940,260,24.50
563085,261,24.50
563229,261,25.00
563374,260,25.00
563518,259,25.00
563662,261,24.50
563807,259,25.00
563956,261,25.00
564100,262,25.00
564245,261,25.00
564389,261,25.00
564534,260,25.00
564678,261,25.00
564822,261,25.00
564967,260,25.00
565111,261,25.00
565256,260,25.00
565400,261,25.00
565545,261,25.00
565689,261,24.50
565833,261,25.00
565978,260,25.00
566122,260,25.00
566267,260,24.50
566411,260,25.00
566556,261,25.00
566700,260,25.00
566845,260,25.00
566989,260,25.00
567133,261,25.00
567278,261,25.00
567422,261,25.00
567567,261,24.50
567711,261,25.00
567855,262,25.00
568004,260,25.00
568149,260,25.00
568293,260,25.00
568437,261,25.00
568582,260,24.50
568726,262,24.50
568870,261,25.00
569015,262,25.00
569159,260,24.50
569303,260,25.00
569447,261,25.00
569592,260,25.00
569736,260,25.00
569880,261,25.00
570025,260,25.00
570169,261,25.00
570313,261,25.00
570457,261,25.00
570602,260,24.50
570746,260,25.00
570890,260,25.00
571035,261,24.50
571179,262,25.00
571323,261,25.00
571468,260,25.00
571612,260,25.00
571756,261,25.00
571901,260,25.00
572049,261,25.00
572194,259,25.00
572338,261,25.00
572482,261,25.00
572626,260,25.00
572771,261,25.00
572915,261,25.00
573059,261,25.00
573204,262,25.00
573348,260,24.50
573492,260,25.00
573637,261,24.50
573781,261,25.00
573925,260,25.00
574070,260,25.00
574214,261,25.00
574358,260,25.00
574502,261,24.50
574647,260,25.00
574791,260,25.00
574935,260,25.00
575080,260,25.00
575224,261,25.00
575368,259,25.00
575513,260,24.50
575657,262,25.00
575801,261,25.00
575946,260,25.00
576092,261,25.00
576239,261,25.00
576383,261,25.00
576528,261,25.00
576672,260,25.00
576816,261,24.50
576961,260,25.00
577105,261,25.00
577250,260,25.00
577394,261,25.00
577539,260,25.00
577683,260,25.00
577828,260,25.00
577972,260,25.00
578117,260,25.00
578261,260,25.00
578405,260,25.00
578550,260,25.00
578694,260,25.00
578839,260,25.00
578983,260,25.00
579127,262,25.00
579272,260,25.00
579416,260,25.00
579561,260,25.00
579705,260,25.00
579850,261,25.00
579996,259,25.00
580140,261,25.00
580288,261,25.00
580432,260,25.00
580576,261,25.00
580721,261,25.00
580865,262,25.00
581010,259,25.00
581154,261,25.00
581298,261,25.00
581443,261,25.00
581587,262,25.00
581732,261,25.00
581876,261,25.00
582021,261,25.00
582165,261,25.00
582310,261,25.00
582454,261,25.00
582598,260,25.00
582743,260,25.00
582887,260,25.00
583032,260,25.00
583176,261,25.00
583320,260,25.00
583465,261,25.00
583609,261,25.00
583754,260,25.00
583898,262,25.00
584044,260,25.00
584189,261,25.00
584333,259,25.00
584480,260,25.00
584625,261,25.00
584769,261,25.00
584914,260,25.00
585058,260,25.00
585203,260,25.00
585347,260,25.00
585491,260,25.00
585636,260,25.00
585780,261,25.00
585924,260,25.00
586069,260,25.00
586213,260,25.00
586358,260,25.00
586502,260,25.00
586647,260,25.00
586791,260,25.00
586936,260,25.00
587087,261,25.00
587231,260,25.00
587375,261,25.00
587520,261,25.00
587664,261,25.00
587808,260,25.00
587957,261,25.00
588102,260,25.00
588246,260,25.00
588391,260,25.00
588538,261,25.00
588682,260,25.00
588827,261,25.00
588971,260,25.00
589115,260,25.00
589260,261,25.00
589404,260,25.00
589549,261,25.00
589693,261,25.00
589838,260,25.00
589982,261,25.00
590126,260,25.00
590271,260,25.00
590415,260,25.00
590560,261,25.00
590704,261,25.00
590848,260,25.00
590993,260,25.00
591137,260,25.00
591282,261,25.00
591426,260,25.00
591571,260,25.00
591715,260,25.00
591859,260,25.00
592005,262,25.00
592150,260,25.00
592294,261,25.00
592439,261,25.00
592583,261,25.00
592730,260,25.00
592874,260,25.00
593019,260,25.00
593163,260,25.00
593308,260,25.00
593452,259,25.00
593597,259,25.00
593741,261,25.00
593886,260,25.00
594030,260,25.00
594175,261,25.00
594319,260,25.00
594463,259,25.00
594608,262,25.00
594752,261,25.00
594897,261,25.00
595041,260,25.00
595185,259,25.00
595330,260,25.00
595474,261,25.00
595619,259,25.00
595763,259,25.00
595910,262,25.00
596054,261,25.00
596198,261,25.00
596343,261,25.00
596487,261,25.00
596632,261,25.00
596779,260,25.00
596923,260,25.00
597068,261,25.00
597212,260,25.00
597356,260,25.00
597501,261,25.00
597645,259,25.00
597790,260,25.00
597934,260,25.00
598079,261,25.00
598223,261,25.00
598368,260,25.00
598512,261,25.00
598656,261,25.00
598801,261,25.00
598945,261,25.00
599090,261,25.00
599234,261,25.00
599378,260,25.00
599523,261,25.00
599667,260,25.00
599812,260,25.00
599958,261,25.00
600102,259,25.00
600247,261,25.00
600391,261,25.00
600536,260,25.00
600680,261,25.00
600825,260,25.00
600972,261,25.00
601116,261,25.00
601260,261,25.00
601405,261,25.00
601549,261,25.00
601693,261,25.00
601837,259,25.00
601982,261,25.00
602126,261,25.0
602270,261,25.00
602415,261,25.00
602559,261,25.00
602703,260,25.00
602848,261,25.00
602992,260,25.00
603136,261,25.00
603281,260,25.00
603425,260,25.00
603569,261,25.00
603713,260,25.00
603859,260,25.00
604004,260,25.00
604148,261,25.00
604292,261,25.00
604437,260,25.00
604581,260,25.00
604725,261,25.00
604870,260,25.00
605017,261,25.00
605161,259,25.00
605305,262,25.00
605449,261,25.00
605594,261,25.00
605738,261,25.00
605882,261,25.00
606027,261,25.00
606171,260,25.00
606315,261,25.00
606459,260,25.00
606604,260,25.00
606748,260,25.00
606892,260,25.00
607037,260,25.00
607181,260,25.00
607325,259,25.00
607470,260,25.00
607614,260,25.00
607758,261,25.00
607904,260,25.00
608049,261,25.00
608193,261,25.00
608337,260,25.00
608481,261,25.00
608626,261,25.00
608770,260,25.00
608914,261,25.00
609061,261,25.00
609206,260,25.00
609350,261,25.00
609495,261,25.00
609639,261,25.00
609784,261,25.00
609928,261,25.00
610072,260,25.00
610217,260,25.00
610361,261,25.00
610506,260,25.00
610650,260,25.00
610795,261,25.00
610939,262,25.00
611083,261,25.00
611228,260,25.00
611372,260,25.00
611517,261,25.00
611661,260,25.00
611806,260,25.00
611952,261,25.00
612096,261,25.00
612241,260,25.00
612385,260,25.00
612530,260,25.00
612674,260,25.00
612818,260,25.00
612963,260,25.00
613107,261,25.00
613254,260,25.00
613399,261,25.00
613543,260,25.00
613688,260,25.00
613832,261,25.00
613977,260,25.00
614121,261,25.00
614266,260,25.00
614410,259,25.00
614554,261,25.00
614699,261,25.00
614843,260,25.00
614988,260,25.00
615132,260,25.00
615276,261,25.00
615421,260,25.00
615565,261,25.00
615710,261,25.00
615856,261,25.00
616000,261,25.00
616145,260,25.00
616289,261,25.00
616434,260,25.00
616578,260,25.00
616723,261,25.00
616867,260,25.00
617012,261,25.00
617156,260,25.00
617303,261,25.00
617447,259,25.00
617592,260,25.00
617736,260,25.00
617881,260,25.00
618025,261,25.00
618169,260,25.00
618314,260,25.00
618458,261,25.00
618603,260,25.00
618747,260,25.00
618892,261,25.00
619036,261,25.00
619180,261,25.00
619325,262,25.00
619469,261,25.00
619614,261,25.00
619758,261,25.00
619904,260,25.00
620049,260,25.00
620193,260,25.00
620337,261,25.00
620482,259,25.00
620626,261,25.00
620771,261,25.00
620915,260,25.00
621060,261,25.00
621204,260,25.00
621348,261,25.00
621496,260,25.00
621640,262,25.00
621784,260,25.00
621929,261,25.00
622073,261,25.00
622217,261,25.00
622362,260,25.00
622506,261,25.00
622651,260,25.00
622795,260,25.00
622940,260,25.00
623084,261,25.00
623229,260,25.00
623373,261,25.00
623517,261,25.00
623662,260,25.00
623808,261,25.00
623952,259,25.00
624097,261,25.00
624241,262,25.00
624386,261,25.00
624530,260,25.00
624674,262,25.00
624819,260,25.00
624963,260,25.00
625108,261,25.00
625252,260,25.00
625397,261,25.00
625544,260,25.00
625688,260,25.00
625833,262,25.00
625977,259,25.00
626122,260,25.00
626266,261,25.00
626410,259,25.00
626555,262,25.00
626699,260,25.00
626844,260,25.00
626988,261,25.00
627133,260,25.00
627277,259,25.00
627421,261,25.00
627566,260,25.00
627710,260,25.00
627857,260,25.00
628001,259,25.00
628146,260,25.00
628290,262,25.00
628434,260,25.00
628579,260,25.00
628723,261,25.00
628868,260,25.00
629012,261,25.00
629156,260,25.00
629301,260,25.00
629445,260,25.00
629590,260,25.00
629737,260,25.00
629881,262,25.00
630026,262,25.00
630170,260,25.00
630315,260,25.00
630459,261,25.00
630604,260,25.00
630748,261,25.00
630892,261,25.00
631037,261,25.00
631181,260,25.00
631326,261,25.00
631470,262,25.00
631614,261,25.00
631761,260,25.00
631905,261,25.00
632050,260,25.00
632194,261,25.00
632339,260,25.00
632483,260,25.00
632627,261,25.00
632772,261,25.00
632916,260,25.00
633061,261,25.00
633205,259,25.00
633349,260,25.00
633494,260,25.00
633638,260,25.00
633785,260,25.00
633930,260,25.00
634074,260,25.00
634218,260,25.00
634363,261,25.00
634507,261,25.00
634651,261,25.00
634796,260,25.00
634940,260,25.00
635084,261,25.00
635228,261,25.00
635373,259,25.00
635517,260,25.00
635661,261,25.00
635807,262,25.00
635952,260,25.00
636096,261,25.00
636240,261,25.00
636385,259,25.00
636529,260,25.00
636673,260,25.00
636818,260,25.00
636962,261,25.00
637106,261,25.00
637251,260,25.00
637395,261,25.00
637539,261,25.00
637683,259,25.00
637828,260,25.00
637974,260,25.00
638119,260,25.00
638263,261,25.00
638407,260,25.00
638552,261,25.00
638696,261,25.00
638840,260,25.00
638985,260,25.00
639129,260,25.00
639273,260,25.00
639418,261,25.00
639562,261,25.00
639706,260,25.00
639852,260,25.00
639996,262,25.00
640141,259,25.00
640285,260,25.00
640429,260,25.00
640574,260,25.00
640718,260,25.00
640862,261,25.00
641007,260,25.00
641151,262,25.00
641295,261,25.00
641440,261,25.00
641584,260,25.00
641728,260,25.00
641873,261,25.00
642019,259,25.00
642164,260,25.00
642308,260,25.00
642453,261,25.00
642597,261,25.00
642741,259,25.00
642886,261,25.00
643030,260,25.00
643175,261,25.00
643319,260,25.00
643464,259,25.00
643608,260,25.00
643755,261,25.00
643899,261,25.00
644043,260,25.00
644188,260,25.00
644332,262,25.00
644477,261,25.00
644621,260,25.00
644765,260,25.00
644910,259,25.00
645054,262,25.00
645199,261,25.00
645343,261,25.00
645488,260,25.00
645632,260,25.00
645777,260,25.00
645921,260,25.00
646068,260,25.00
646213,261,25.00
646357,261,25.00
646502,261,25.00
646646,261,25.00
646790,260,25.00
646935,261,25.00
647079,261,25.00
647224,260,25.00
647368,261,25.00
647513,260,25.00
647657,260,25.00
647803,260,25.00
647948,260,25.00
648092,260,25.00
648237,262,25.00
648381,260,25.00
648526,261,25.00
648670,261,25.00
648815,261,25.00
648959,261,25.00
649103,261,25.00
649248,261,25.00
649392,261,25.00
649537,261,25.00
649681,260,25.00
649825,261,25.00
649970,261,25.00
650114,260,25.00
650262,261,25.00
650406,261,25.00
650551,261,25.00
650695,261,25.00
650840,261,25.00
650984,260,25.00
651128,261,25.00
651273,261,25.00
651417,262,25.00
651562,259,25.00
651708,261,25.00
651852,261,25.00
651997,261,25.00
652141,261,25.00
652285,262,25.00
652430,260,25.00
652574,260,25.00
652719,260,25.00
652863,260,25.00
653008,260,25.00
653152,261,25.00
653296,261,25.00
653441,261,25.00
653585261,25.00
653730,261,25.00
653874,262,25.00
654018,260,25.00
654163,260,25.00
654310,260,25.00
654454,260,25.00
654599,261,25.00
654743,260,25.00
654888,261,25.00
655032,260,25.00
655177,261,25.00
655321,261,25.00
655465,261,25.00
655610,261,25.00
655756,261,25.00
655900,260,25.00
656045,259,25.00
656189,260,25.00
656334,261,25.00
656478,261,25.00
656622,260,25.00
656767,261,25.00
656911,259,25.00
657056,261,25.00
657200,260,25.00
657345,261,25.00
657490,260,25.00
657634,261,25.00
657778,261,25.00
657923,260,25.00
658067,260,25.00
658212,260,25.00
658356,262,25.00
658503,260,25.00
658648,261,25.00
658792,261,25.00
658937,259,25.00
659081,260,25.00
659226,262,25.00
659371,259,25.00
659515,260,25.00
659661,261,25.00
659806,260,25.00
659950,260,25.00
660095,260,25.00
660239,261,25.00
660384,260,25.00
660528,262,25.00
660673,261,25.00
660817,261,25.00
660962,262,25.00
661106,260,25.00
661251,261,25.00
661395,261,25.00
661540,261,25.00
661684,259,25.00
661829,261,25.00
661973,261,25.00
662118,260,25.00
662262,261,25.00
662407,260,25.00
662554,261,25.00
662698,259,25.00
662843,260,25.00
662987,260,25.00
663132,261,25.00
663276,260,25.00
663421,261,25.00
663565,260,25.00
663712,260,25.00
663856,261,25.00
664001,261,25.00
664145,261,25.00
664290,261,25.00
664434,262,25.00
664579,260,25.00
664723,260,25.00
664868,262,25.00
665012,261,25.00
665157,261,25.00
665301,261,25.00
665446,262,25.00
665590,260,25.00
665735,261,25.00
665879,261,25.00
666024,261,25.00
666168,261,25.00
666313,261,25.00
666457,261,25.00
666602,260,25.00
666749,261,25.00
666893,261,25.00
667038,260,25.00
667182,261,25.00
667326,261,25.00
667471,261,25.00
667617,260,25.00
667761,259,25.00
667906,262,25.00
668050,260,25.00
668194,261,25.00
668339,261,25.00
668483,261,25.00
668628,261,25.00
668772,260,25.00
668916,261,25.00
669061,260,25.00
669205,259,25.00
669349,261,25.00
669494,260,25.00
669638,260,25.00
669782,261,25.00
669927,260,25.00
670071,261,25.00
670216,261,25.00
670360,260,25.00
670504,260,25.00
670649,261,25.00
670803,260,25.00
670948,260,25.00
671092,260,25.00
671236,260,25.00
671381,262,25.00
671527,262,25.00
671671,260,25.00
671816,259,25.00
671960,260,25.00
672104,260,25.00
672249,260,25.00
672393,260,25.00
672538,260,25.00
672682,259,25.00
672827,260,25.00
672971,260,25.00
673115,260,25.00
673260,260,25.00
673404,260,25.00
673548,260,25.00
673693,260,25.00
673837,260,25.00
673981,259,25.00
674126,260,25.00
674270,261,25.00
674414,260,25.00
674559,260,25.00
674703,260,25.00
674848,261,25.00
674995,261,25.00
675139,259,25.00
675284,260,25.00
675430,260,25.00
675575,260,25.00
675719,260,25.00
675864,260,25.00
676008,260,25.00
676153,260,25.00
676297,260,25.00
676442,260,25.00
676586,260,25.00
676731,260,25.00
676875,260,25.00
677020,260,25.00
677164,259,25.00
677309,259,25.00
677453,259,25.00
677598,260,25.00
677742,260,25.00
677887,260,25.00
678032,259,25.00
678176,259,25.00
678321,261,25.00
678465,260,25.00
678609,260,25.00
678754,260,25.00
678898,260,25.00
679046,261,25.00
679190,260,25.00
679335,260,25.00
679481,260,25.00
679625,261,25.00
679770,260,25.00
679914,260,25.00
680059,260,25.00
680204,260,25.00
680348,260,25.00
680493,260,25.00
680637,260,25.00
680782,260,25.00
680926,259,25.00
681070,259,25.00
681215,260,25.00
681360,260,25.00
681504,260,25.00
681649,260,25.00
681793,259,25.00
681938,260,25.00
682082,260,25.00
682227,259,25.00
682371,259,25.00
682516,260,25.00
682660,261,25.00
682805,260,25.00
682950,260,25.00
683097,261,25.00
683241,259,25.00
683387,260,25.00
683532,260,25.00
683677,259,25.00
683821,260,25.00
683966,260,25.00
684110,259,25.00
684255,259,25.00
684399,261,25.00
684544,260,25.00
684688,260,25.00
684833,260,25.00
684977,260,25.00
685122,259,25.00
685266,260,25.00
685411,260,25.00
685555,259,25.00
685700,260,25.00
685844,259,25.00
685989,258,25.00
686133,259,25.00
686278,260,25.00
686422,260,25.00
686567,260,25.00
686711,260,25.00
686856,260,25.00
687001,259,25.00
687145,260,25.00
687292,260,25.00
687438,260,25.00
687583,260,25.00
687727,261,25.00
687872,260,25.00
688016,259,25.00
688161,260,25.00
688305,260,25.00
688450,261,25.00
688594,260,25.00
688739,260,25.00
688883,260,25.00
689028,260,25.00
689172,261,25.00
689317,260,25.00
689461,260,25.00
689606,260,25.00
689750,260,25.00
689895,260,25.00
690039,260,25.00
690184,261,25.00
690328,260,25.00
690473,260,25.00
690617,260,25.00
690762,259,25.00
690906,260,25.00
691051,260,25.00
691196,260,25.00
691345,261,25.00
691489,260,25.00
691634,260,25.00
691778,260,25.00
691923,261,25.00
692067,260,25.00
692212,260,25.00
692356,260,25.00
692501,261,25.00
692645,259,25.00
692790,260,25.00
692934,259,25.00
693079,260,25.00
693223,260,25.00
693368,260,25.00
693512,260,25.00
693657,260,25.00
693802,261,25.00
693946,259,25.00
694091,260,25.00
694235,260,25.00
694380,260,25.00
694524,260,25.00
694669,259,25.00
694813,260,25.00
694958,260,25.00
695102,260,25.00
695247,259,25.00
695393,260,25.00
695540,260,25.00
695685,260,25.00
695829,260,25.00
695974,260,25.00
696119,259,25.00
696263,260,25.00
696408,260,25.00
696552,259,25.00
696696,260,25.00
696841,260,25.00
696986,260,25.00
697130,259,25.00
697275,259,25.00
697419,259,25.00
697564,259,25.00
697708,260,25.00
697853,260,25.00
697997,259,25.00
698142,259,25.00
698287,259,25.00
698431,261,25.00
698576,259,25.00
698720,260,25.00
698865,259,25.00
699009,259,25.00
699154,260,25.00
699298,260,25.00
699444,258,25.00
699592,260,25.00
699736,261,25.00
699880,260,25.00
700025,259,25.00
700169,260,25.00
700314,260,25.00
700458,259,25.00
700603,260,25.00
700747,260,25.00
700891,259,25.00
701036,260,25.00
701180,259,25.00
701324,260,25.00
701469,259,25.00
701613,260,25.00
701757,259,25.00
701902,260,25.00
702046,259,25.00
702191,259,25.00
702335,260,25.00
702480,260,25.00
702624,259,25.00
702768,260,25.00
702913,259,25.00
703057,260,25.00
703202,260,25.00
703348,20,25.00
703492,260,25.00
703636,260,25.00
703783,260,25.00
703928,260,25.00
704072,260,25.00
704217,260,25.00
704361,259,25.00
704505,260,25.00
704650,260,25.00
704794,260,25.00
704939,259,25.00
705083,260,25.00
705227,260,25.00
705372,259,25.00
705516,260,25.00
705660,260,25.00
705805,260,25.00
705949,259,25.00
706093,260,25.00
706238,260,25.00
706382,259,25.00
706526,259,25.00
706671,259,25.00
706815,259,25.00
706959,260,25.00
707104,260,25.00
707248,260,25.00
707394,260,25.00
707539,260,25.00
707683,260,25.00
707830,260,25.00
707974,260,25.00
708119,260,25.00
708263,259,25.00
708408,259,25.00
708552,261,25.00
708697,259,25.00
708841,260,25.00
708986,260,25.00
709130,259,25.00
709275,260,25.00
709419,259,25.00
709564,260,25.00
709709,260,25.00
709853,260,25.00
709997,260,25.00
710142,260,25.00
710286,260,25.00
710431,260,25.00
710575,259,25.00
710720,259,25.00
710864,260,25.00
711009,260,25.00
711153,260,25.00
711298,260,25.00
711444,260,25.00
711589,259,25.00
711733,260,25.00
711878,260,25.00
712025,259,25.00
712170,260,25.00
712314,260,25.00
712458,260,25.00
712603,260,25.00
712747,259,25.00
712892,260,25.00
713036,260,25.00
713181,260,25.00
713325,260,25.00
713470,259,25.00
713614,261,25.00
713759,259,25.00
713904,260,25.00
714048,260,25.00
714193,260,25.00
714337,259,25.00
714482,260,25.00
714626,260,25.00
714771,259,25.00
714915,260,25.00
715060,261,25.00
715204,259,25.00
715350,260,25.00
715495,260,25.00
715639,261,25.00
715784,261,25.00
715928,260,25.00
716076,260,25.00
716220,259,25.00
716365,260,25.00
716509,260,25.00
716654,260,25.00
716798,259,25.00
716943,261,25.00
717087,259,25.00
717232,260,25.00
717376,260,25.00
717521,259,25.00
717665,261,25.00
717810,260,25.00
717954,259,25.00
718099,260,25.00
718243,260,25.00
718388,260,25.00
718532,261,25.00
718677,260,25.00
718821,259,25.00
718966,261,25.00
719110,260,25.00
719254,260,25.00
719401,260,25.00
719545,260,25.00
719690,259,25.00
719834,259,25.00
719979,259,25.00
720126,259,25.00
720270,260,25.00
720415,260,25.00
720559,260,25.00
720704,259,25.00
720848,261,25.00
720993,260,25.00
721137,260,25.00
721282,259,25.00
721426,260,25.00
721571,260,25.00
721715,259,25.00
721860,260,25.00
722004,260,25.00
722149,260,25.00
722293,260,25.00
722437,260,25.00
722582,259,25.00
722726,260,25.00
722871,260,25.00
723015,260,25.00
723160,260,25.00
723306,260,25.00
723451,259,25.00
723595,259,25.00
723740,260,25.00
723884,260,25.00
724029,259,25.00
724173,260,25.00
724320,260,25.00
724465,259,25.00
724609,260,25.00
724754,259,25.00
724898,260,25.00
725043,261,25.00
725188,260,25.00
725332,259,25.00
725477,260,25.00
725621,260,25.00
725766,260,25.00
725910,260,25.00
726055,260,25.00
726199,259,25.00
726343,259,25.00
726488,260,25.00
726632,259,25.00
726777,260,25.00
726921,260,25.00
727066,260,25.00
727210,260,25.00
727357,260,25.00
727501,260,25.00
727646,260,25.00
727791,260,25.00
727935,259,25.00
728080,260,25.00
728224,260,25.00
728371,260,25.00
728516,259,25.00
728660,260,25.00
728805,260,25.00
728949,260,25.00
729094,260,25.00
729238,261,25.00
729383,261,25.00
729527,260,25.00
729672,260,25.00
729816,260,25.00
729961,260,25.00
730105,260,25.00
730250,260,25.00
730394,259,25.00
730539,260,25.00
730683,260,25.00
730828,259,25.00
730972,259,25.00
731117,259,25.00
731263,259,25.00
731407,260,25.00
731552,260,25.00
731696,260,25.00
731841,260,25.00
731985,260,25.00
732130,260,25.00
732275,260,25.00
732419,260,25.00
732566,260,25.00
732710,259,25.00
732855,260,25.00
732999,259,25.00
733143,260,25.00
733288,259,25.00
733432,260,25.00
733576,260,25.00
733721,259,25.00
733865,259,25.00
734009,260,25.00
734154,260,25.00
734298,260,25.00
734443,260,25.00
734587,260,25.00
734731,260,25.00
734876,260,25.00
735020,260,25.00
735164,260,25.00
735311,260,25.00
735455,259,25.00
735599,260,25.00
735744,259,25.00
735888,260,25.00
736032,259,25.00
736177,259,25.00
736321,260,25.00
736465,260,25.00
736612,260,25.00
736757,260,25.00
736901,259,25.00
737046,260,25.00
737190,260,25.00
737334,260,25.00
737478,260,25.00
737623,260,25.00
737767,260,25.00
737911,261,25.00
738056,259,25.00
738200,259,25.00
738344,260,25.00
738489,260,25.00
738633,260,25.00
738778,260,25.00
738922,260,25.00
739066,260,25.00
739211,260,25.00
739358,260,25.00
739502,260,25.00
739646,260,25.00
739791,260,25.00
739935,260,25.00
740079,260,25.00
740224,261,25.00
740368,260,25.00
740513,259,25.00
740657,260,25.00
740804,259,25.00
740948,260,25.00
741093,259,25.00
741237,260,25.00
741382,259,25.00
741527,260,25.00
741671,259,25.00
741815,260,25.00
741960,260,25.00
742104,259,25.00
742249,260,25.00
742393,260,25.00
742538,260,25.00
742682,259,25.00
742827,260,25.00
742971,259,25.00
743116,260,25.00
743262,259,25.00
743407,260,25.00
743551,261,25.00
743696,260,25.00
743840,260,25.00
743985,260,25.00
744129,260,25.00
744274,260,25.00
744418,259,25.00
744563,260,25.00
744707,260,25.00
744855,260,25.00
744999,260,25.00
745144,259,25.00
745288,259,25.00
745433,260,25.00
745577,259,25.00
745722,260,25.00
745866,260,25.00
746011,260,25.00
746155,260,25.00
746300,260,25.00
746444,260,25.00
746589,260,25.00
746733,260,25.00
746878,260,25.00
747022,261,25.00
747167,260,25.00
747313,259,25.00
747458,260,25.00
747602,260,25.00
747746,259,25.00
747891,260,25.00
748036,260,25.00
748180,260,25.00
748325,260,25.00
748469,259,25.00
748613,260,25.00
748758,260,25.00
748902,260,25.00
749049,260,25.00
749194,259,25.00
749338,260,25.00
749483,261,25.00
749627,260,25.00
749772,259,25.00
749916,260,25.00
750061,260,25.00
750205,260,25.00
750350,259,25.00
750494,260,25.00
750639,260,25.00
750783,259,25.00
750928,260,25.00
751072,260,25.00
751218,260,25.00
751363,259,25.00
751507,260,25.00
751652,260,25.0
751796,259,25.00
751941,260,25.00
752086,260,25.00
752230,259,25.00
752374,259,25.00
752519,260,25.00
752664,260,25.00
752808,259,25.00
752953,260,25.00
753100,260,25.00
753244,260,25.00
753389,259,25.00
753533,260,25.00
753677,259,25.00
753822,259,25.00
753966,260,25.00
754111,259,25.00
754255,260,25.00
754400,260,25.00
754544,259,25.00
754689,259,25.00
754833,260,25.00
754978,261,25.00
755122,260,25.00
755269,260,25.00
755413,259,25.00
755558,260,25.00
755702,259,25.00
755847,260,25.00
755991,260,25.00
756135,260,25.00
756280,260,25.00
756424,259,25.00
756569,260,25.00
756713,260,25.00
756858,260,25.00
757003,260,25.00
757150,260,25.00
757294,259,25.00
757439,259,25.00
757583,259,25.00
757728,260,25.00
757872,260,25.00
758017,260,25.00
758161,260,25.00
758306,260,25.00
758450,259,25.00
758595,259,25.00
758739,259,25.00
758884,260,25.00
759028,259,25.00
759175,260,25.00
759319,259,25.00
759464,259,25.00
759609,260,25.00
759753,260,25.00
759898,259,25.00
760042,259,25.00
760187,260,25.00
760331,260,25.00
760475,260,25.00
760620,260,25.00
760765,259,25.00
760909,260,25.00
761053,258,25.00
761198,260,25.00
761345,260,25.00
761490,260,25.00
761634,260,25.00
761779,260,25.00
761923,260,25.00
762068,260,25.00
762213,259,25.00
762357,259,25.00
762501,259,25.00
762646,259,25.00
762790,259,25.00
762935,259,25.00
763079,259,25.00
763226,259,25.00
763370,260,25.00
763515,259,25.00
763659,260,25.00
763804,260,25.00
763948,260,25.00
764093,260,25.00
764237,259,25.00
764382,260,25.00
764526,260,25.00
764670,258,25.00
764815,259,25.00
764959,260,25.00
765104,260,25.00
765248,259,25.00
765395,259,25.00
765540,259,25.00
765684,260,25.00
765829,259,25.00
765973,260,25.00
766117,260,25.00
766262,259,25.00
766406,260,25.00
766551,260,25.00
766695,259,25.00
766839,259,25.00
766983,260,25.00
767130,259,25.00
767274,259,25.00
767418,259,25.00
767563,259,25.00
767707,260,25.00
767851,260,25.00
767996,259,25.00
768140,260,25.00
768284,260,25.00
768429,260,25.00
768573,260,25.00
768718,259,25.00
768862,259,25.00
769006,259,25.00
769151,259,25.00
769295,260,25.00
769439,259,25.00
769586,260,25.00
769731,260,25.00
769875,259,25.00
770019,259,25.00
770164,260,25.00
770308,260,25.00
770453,260,25.00
770597,259,25.00
770741,259,25.00
770886,260,25.00
771030,259,25.00
771176,260,25.00
771321,260,25.00
771465,260,25.00
771609,260,25.00
771754,260,25.00
771898,261,25.00
772042,260,25.00
772187,260,25.00
772331,260,25.00
772475,259,25.00
772620,259,25.00
772764,260,25.00
772909,260,25.00
773053,260,25.00
773197,260,25.00
773342,260,25.00
773486,260,25.00
773633,260,25.00
773778,260,25.00
773922,259,25.00
774066,259,25.00
774211,260,25.00
774355,260,25.00
774500,259,25.00
774644,260,25.00
774789,260,25.00
774933,260,25.00
775078,259,25.00
775224,259,25.00
775369,260,25.00
775513,259,25.00
775658,260,25.00
775803,260,25.00
775947,259,25.00
776092,259,25.00
776236,260,25.00
776381,260,25.00
776525,259,25.00
776670,260,25.00
776814,259,25.00
776959,259,25.00
777103,260,25.00
777248,260,25.00
777392,260,25.00
777537,260,25.00
777681,260,25.00
777829,259,25.00
777973,259,25.00
778118,259,25.00
778262,259,25.00
778406,260,25.00
778551,259,25.00
778695,260,25.00
778840,259,25.00
778984,260,25.00
779130,260,25.00
779275,260,25.00
779419,260,25.00
779564,260,25.00
779708,260,25.00
779853,260,25.00
779998,260,25.00
780142,259,25.00
780287,259,25.00
780431,260,25.00
780575,260,25.00
780720,259,25.00
780864,260,25.00
781009,260,25.00
781153,259,25.00
781298,260,25.00
781442,259,25.00
781587,259,25.00
781731,259,25.00
781878,259,25.00
782023,260,25.00
782167,260,25.00
782312,259,25.00
782456,259,25.00
782601,260,25.00
782745,259,25.00
782890,260,25.00
783034,261,25.00
783180,260,25.00
783325,260,25.00
783469,259,25.00
783614,259,25.00
783758,260,25.00
783903,259,25.00
784047,259,25.00
784192,259,25.00
784336,259,25.00
784481,260,25.00
784625,260,25.00
784770,259,25.00
784914,260,25.00
785059,259,25.00
785203,260,25.00
785348,260,25.00
785492,259,25.00
785637,259,25.00
785781,260,25.00
785926,259,25.00
786073,259,25.00
786217,260,25.00
786362,260,25.00
786506,260,25.00
786651,259,25.00
786795,260,25.00
786940,260,25.00
787086,260,25.00
787231,259,25.00
787375,260,25.00
787520,260,25.00
787664,260,25.00
787809,260,25.00
787953,259,25.00
788098,260,25.00
788242,260,25.00
788387,259,25.00
788531,259,25.00
788676,259,25.00
788820,259,25.00
788965,260,25.00
789109,259,25.00
789254,260,25.00
789398,259,25.00
789543,260,25.00
789687,259,25.00
789832,260,25.00
789976,259,25.00
790123,259,25.00
790268,260,25.00
790412,259,25.00
790557,260,25.00
790701,260,25.00
790846,259,25.00
790990,260,25.00
791137,260,25.00
791281,259,25.00
791426,259,25.00
791570,260,25.00
791715,260,25.00
791859,260,25.00
792004,260,25.00
792148,260,25.00
792293,260,25.00
792437,259,25.00
792582,259,25.00
792726,260,25.00
792871,260,25.00
793015,259,25.00
793160,260,25.00
793304,260,25.00
793449,259,25.00
793593,260,25.00
793738,259,25.00
793882,259,25.00
794027,259,25.00
794174,260,25.00
794318,260,25.00
794463,260,25.00
794607,259,25.00
794752,260,25.00
794896,260,25.00
795042,259,25.00
795187,260,25.00
795331,260,25.00
795476,260,25.00
795620,260,25.00
795765,259,25.00
795909,259,25.00
796054,259,25.00
796199,260,25.00
796343,259,25.00
796487,259,25.00
796632,260,25.00
796776,260,25.00
796921,259,25.00
797065,260,25.00
797210,259,25.00
797354,260,25.00
797499,259,25.00
797643,259,25.00
797788,259,25.00
797932,259,25.00
798077,259,25.00
798221,260,25.00
798369,260,25.00
798513,259,25.00
798657,260,25.00
798802,260,25.00
798946,260,25.00
799092,260,25.00
799236,260,25.00
799381,259,25.00
799525,260,25.00
799669,260,25.00
799814,259,25.00
799958,259,25.00
800102,260,25.00
800247,259,25.00
800391,260,25.00
800535,260,25.00
800680,260,25.00
800824,260,25.00
800969,260,25.00
801113,260,25.00
801257,260,25.00
801402,260,25.00
801546,259,25.00
801690,259,25.00
801835,259,25.00
801979,260,25.00
802123,259,2500
802268,259,25.00
802415,260,25.00
802559,260,25.00
802703,260,25.00
802848,259,25.00
802992,260,25.00
803138,260,25.00
803283,260,25.00
803427,259,25.00
803571,259,25.00
803716,260,25.00
803860,260,25.00
804004,260,25.00
804149,260,25.00
804293,259,25.00
804437,259,25.00
804582,260,25.00
804726,260,25.00
804870,260,25.00
805015,259,25.00
805159,260,25.00
805304,260,25.00
805448,259,25.00
805592,260,25.00
805737,260,25.00
805881,260,25.00
806025,259,25.00
806170,260,25.00
806314,259,25.00
806458,259,25.00
806605,259,25.00
806750,259,25.00
806895,260,25.00
807041,259,25.00
807185,260,25.00
807330,260,25.00
807475,259,25.00
807619,258,25.00
807764,260,25.00
807908,261,25.00
808053,259,25.00
808197,260,25.00
808341,259,25.00
808486,260,25.00
808630,259,25.00
808775,260,25.00
808920,259,25.00
809064,259,25.00
809209,260,25.00
809353,259,25.00
809498,259,25.00
809642,259,25.00
809787,260,25.00
809931,259,25.00
810076,259,25.00
810220,260,25.00
810365,259,25.00
810509,260,25.00
810656,260,25.00
810801,259,25.00
810945,259,25.00
811092,260,25.00
811236,260,25.00
811381,259,25.00
811525,260,25.00
811670,259,25.00
811814,260,25.00
811959,259,25.00
812103,260,25.00
812248,260,25.00
812392,259,25.00
812536,259,25.00
812681,260,25.00
812826,261,25.00
812970,259,25.00
813114,260,25.00
813259,259,25.00
813403,259,25.00
813548,260,25.00
813692,260,25.00
813837,259,25.00
813981,259,25.00
814126,259,25.00
814271,260,25.00
814415,259,25.00
814559,259,25.00
814704,260,25.00
814851,259,25.00
814997,259,25.00
815142,259,25.00
815286,259,25.00
815431,259,25.00
815575,259,25.00
815720,260,25.00
815864,259,25.00
816009,259,25.00
816153,260,25.00
816298,259,25.00
816442,260,25.00
816587,259,25.00
816731,259,25.00
816876,260,25.00
817020,259,25.00
817165,260,25.00
817309,260,25.00
817454,260,25.00
817598,260,25.00
817742,259,25.00
817887,260,25.00
818032,259,25.00
818176,259,25.00
818321,260,25.00
818465,259,25.00
818610,260,25.00
818754,259,25.00
818902,259,25.00
819048,259,25.00
819192,260,25.00
819337,259,25.00
819481,259,25.00
819626,260,25.00
819770,260,25.00
819915,259,25.00
820059,260,25.00
820203,260,25.00
820348,258,25.00
820493,259,25.00
820637,259,25.00
820782,260,25.00
820926,259,25.00
821071,259,25.00
821215,259,25.00
821360,259,25.00
821504,259,25.00
821648,260,25.00
821793,259,25.00
821937,260,25.00
822082,259,25.00
822226,261,25.00
822371,259,25.00
822515,259,25.00
822660,260,25.00
822804,259,25.00
822949,259,25.00
823098,259,25.00
823242,260,25.00
823387,259,25.00
823531,259,25.00
823676,260,25.00
823820,260,25.00
823965,260,25.00
824109,259,25.00
824254,259,25.00
824398,260,25.00
824543,259,25.00
824687,259,25.00
824832,259,25.00
824976,259,25.00
825121,259,25.00
825265,260,25.00
825410,259,25.00
825554,259,25.00
825699,259,25.00
825843,260,25.00
825988,259,25.00
826132,259,25.00
826277,259,25.00
826421,260,25.00
826566,259,25.00
826710,259,25.00
826855,259,25.00
827001,259,25.00
827148,260,25.00
827293,259,25.00
827437,260,25.00
827582,260,25.00
827726,259,25.00
827871,260,25.00
828015,259,25.00
828160,259,25.00
828304,260,25.00
828449,260,25.00
828593,260,25.00
828738,260,25.00
828882,259,25.00
829026,260,25.00
829171,260,25.00
829315,260,25.00
829460,259,25.00
829605,259,25.00
829749,260,25.00
829894,260,25.00
830038,259,25.00
830183,259,25.00
830327,259,25.00
830472,259,25.00
830616,259,25.00
830761,259,25.00
830905,260,25.00
831051,260,25.00
831198,259,25.00
831343,259,25.00
831487,259,25.00
831631,259,25.00
831776,259,25.00
831920,259,25.00
832065,259,25.00
832209,258,25.00
832353,259,25.00
832498,260,25.00
832642,259,25.00
832786,259,25.00
832931,260,25.00
833075,259,25.00
833219,259,25.00
833364,259,25.00
833508,260,25.00
833653,259,25.00
833797,259,25.00
833941,260,25.00
834086,260,25.00
834230,260,25.00
834374,260,25.00
834519,259,25.00
834663,259,25.00
834808,259,25.00
834954,260,25.00
835098,259,25.00
835242,260,25.00
835389,259,25.00
835534,260,25.00
835678,259,25.00
835822,259,25.00
835967,259,25.00
836111,259,25.00
836256,259,25.00
836400,259,25.00
836544,259,25.00
836689,259,25.00
836833,260,25.00
836977,260,25.00
837122,259,25.00
837266,260,25.00
837411,259,25.00
837555,259,25.00
837699,259,25.00
837844,259,25.00
837988,259,25.00
838132,259,25.00
838277,260,25.00
838421,259,25.00
838566,259,25.00
838710,259,25.00
838854,259,25.00
839001,259,25.00
839145,259,25.00
839289,260,25.00
839437,259,25.00
839581,259,25.00
839726,260,25.00
839870,259,25.00
840014,260,25.00
840159,260,25.00
840303,259,25.00
840448,259,25.00
840592,259,25.00
840737,258,25.00
840881,259,25.00
841026,259,25.00
841170,259,25.00
841315,259,25.00
841459,258,25.00
841604,260,25.00
841749,259,25.00
841893,259,25.00
842038,260,25.00
842182,260,25.00
842327,259,25.00
842471,259,25.00
842616,260,25.00
842760,259,25.00
842905,260,25.00
843051,260,25.00
843196,259,25.00
843340,259,25.00
843485,259,25.00
843632,258,25.00
843776,259,25.00
843921,259,25.00
844065,259,25.00
844210,259,25.00
844354,259,25.00
844499,259,25.00
844643,259,25.00
844788,259,25.00
844932,260,25.00
845077,259,25.00
845221,259,25.00
845366,259,25.00
845510,259,25.00
845655,259,25.00
845799,259,25.00
845944,259,25.00
846088,259,25.00
846233,259,25.00
846377,259,25.00
846522,259,25.00
846666,259,25.00
846811,259,25.00
846957,260,25.00
847101,259,25.00
847246,259,25.00
847390,259,25.00
847535,259,25.00
847682,259,25.00
847826,260,25.00
847971,260,25.00
848115,260,25.00
848260,260,25.00
848404,259,25.00
848549,260,25.00
848693,259,25.00
848838,259,25.00
848982,260,25.00
849127,259,25.00
849271,260,25.00
849416,259,25.00
849560,259,25.00
849705,260,25.00
849849,260,25.00
849994,260,25.00
850138,259,25.00
850283,259,25.00
850428,260,25.00
850572,259,25.00
850717,259,25.00
850861,259,25.00
851007,260,25.00
851152,259,25.00
851296,260,25.00
851441,259,25.00
851585,260,25.00
851730,259,25.00
851877,260,25.00
852021,260,25.00
852166,259,25.00
852310,259,25.00
852455,259,25.00
852599,259,25.00
852744,259,25.00
852888,260,25.00
853033,258,25.00
853177,259,25.00
853322,260,25.00
853466,260,25.00
853611,260,25.00
853755,260,25.00
853900,260,25.00
854044,259,25.00
854189,260,25.00
854333,259,25.00
854478,260,25.00
854622,260,25.00
854766,259,25.00
854913,259,25.00
855057,259,25.00
855202,259,25.00
855346,260,25.00
855491,259,25.00
855635,260,25.00
855779,259,25.00
855927,259,25.00
856071,259,25.00
856216,260,25.00
856360,259,25.00
856505,259,25.00
856649,259,25.00
856793,260,25.00
856938,259,25.00
857083,260,25.00
857227,260,25.00
857372,260,25.00
857516,260,25.00
857661,260,25.00
857805,260,25.00
857950,259,25.00
858094,260,25.00
858239,260,25.00
858383,260,25.00
858528,259,25.00
858672,259,25.00
858817,260,25.00
858963,259,25.00
859108,260,25.00
859252,260,25.00
859397,260,25.00
859541,259,25.00
859686,259,25.00
859830,259,25.00
859975,259,25.00
860122,259,25.00
860266,259,25.00
860411,259,25.00
860555,260,25.00
860700,260,25.00
860844,259,25.00
860989,260,25.00
861134,259,25.00
861278,259,25.00
861423,260,25.00
861567,260,25.00
861712,259,25.00
861856,259,25.00
862001,260,25.00
862145,259,25.00
862290,259,25.00
862434,259,25.00
862579,260,25.00
862723,259,25.00
862869,259,25.00
863014,259,25.00
863158,259,25.00
863303,260,25.00
863447,259,25.00
863592,259,25.00
863736,260,25.00
863881,259,25.00
864025,259,25.00
864173,260,25.00
864317,258,25.00
864461,260,25.00
864606,259,25.00
864750,260,25.00
864894,259,25.00
865039,259,25.00
865183,259,25.00
865328,259,25.00
865472,259,25.00
865616,259,25.00
865761,259,25.00
865905,259,25.00
866050,259,25.00
866194,259,25.00
866339,259,25.00
866483,259,25.00
866627,259,25.00
866772,260,25.00
866918,258,25.00
867062,259,25.00
867207,260,25.00
867351,259,25.00
867496,259,25.00
867640,259,25.00
867784,259,25.00
867929,259,25.00
868073,260,25.00
868220,259,25.00
868365,259,25.00
868509,259,25.00
868653,258,25.00
868798,260,25.00
868942,259,25.00
869087,260,25.00
869231,259,25.00
869375,259,25.00
869520,259,25.00
869664,259,25.00
869808,260,25.00
869953,259,25.00
870097,258,25.00
870242,259,25.00
870386,260,25.00
870530,260,25.00
870675,260,25.00
870819,259,25.00
870965,259,25.00
871110,260,25.00
871254,260,25.00
871399,260,25.00
871543,260,25.00
871687,258,25.00
871832,260,25.00
871976,260,25.00
872120,259,25.00
872265,260,25.00
872412,259,25.00
872556,259,25.00
872701,259,25.00
872845,259,25.00
872990,259,25.00
873134,259,25.00
873279,260,25.00
873424,259,25.00
873568,259,25.00
873712,259,25.00
873857,260,25.00
874001,260,25.00
874146,260,25.00
874290,259,25.00
874435,260,25.00
874579,260,25.00
874724,260,25.00
874870,259,25.00
875015,259,25.00
875159,259,25.00
875304,260,25.00
875448,260,25.00
875593,259,25.00
875737,259,25.00
875882,260,25.00
876026,260,25.00
876171,260,25.00
876315,260,25.00
876462,259,25.00
876607,259,25.00
876751,259,25.00
876896,260,25.00
877040,260,25.00
877185,259,25.00
877329,259,25.00
877474,259,25.00
877618,259,25.00
877763,260,25.00
877913,259,25.00
878057,259,25.00
878202,259,25.00
878346,260,25.00
878491,259,25.00
878635,259,25.00
878780,259,25.00
878926,259,25.00
879071,260,25.00
879215,259,25.00
879360,259,25.00
879504,259,25.00
879649,259,25.00
879793,260,25.00
879938,259,25.00
880082,259,25.00
880227,259,25.00
880372,260,25.00
880516,259,25.00
880663,260,25.00
880808,260,25.00
880952,260,25.00
881097,260,25.00
881241,259,25.00
881386,258,25.00
881530,259,25.00
881675,259,25.00
881819,259,25.00
881964,259,25.00
882108,259,25.00
882253,260,25.00
882397,260,25.00
882542,259,25.00
882686,260,25.00
882832,258,25.00
882977,259,25.00
883121,260,25.00
883266,259,25.00
883410,259,25.00
883555,259,25.00
883699,259,25.00
883844,259,25.00
883988,260,25.00
884132,259,25.00
884277,259,25.00
884422,259,25.00
884566,259,25.00
884713,260,25.00
884858,259,25.00
885002,259,25.00
885147,259,25.00
885291,259,25.00
885436,259,25.00
885580,259,25.00
885725,259,25.00
885869,260,25.00
886014,260,25.00
886158,259,25.00
886303,260,25.00
886447,258,25.00
886592,259,25.00
886736,259,25.00
886883,259,25.00
887027,259,25.00
887172,259,25.00
887316,259,25.00
887460,259,25.00
887605,259,25.00
887749,259,25.00
887894,259,25.00
888038,259,25.00
888183,259,25.00
888327,260,25.00
888472,260,25.00
888616,259,25.00
888760,259,25.00
888908,259,25.00
889052,260,25.00
889197,259,25.00
889341,259,25.00
889486,259,25.00
889630,260,25.00
889775,259,25.00
889919,260,25.00
890064,259,25.00
890208,259,25.00
890353,260,25.00
890497,258,25.00
890642,258,25.00
890788,259,25.00
890932,259,25.00
891077,259,25.00
891221,259,25.00
891366,260,25.00
891510,259,25.00
891655,259,25.00
891799,259,25.00
891944,260,25.00
892088,260,25.00
892233,259,25.00
892377,259,25.00
892522,259,25.00
892666,260,25.00
892811,260,25.00
892958,259,25.00
893103,259,25.00
893247,260,25.00
893391,259,25.00
893536,259,25.00
893681,259,25.00
893825,260,25.00
893970,259,25.00
894114,259,25.00
894258,259,25.00
894403,259,25.00
894547,260,25.00
894692,260,25.00
894838,259,25.00
894983,259,25.00
895127,259,25.00
895272,259,25.00
895416,259,25.00
895561,260,25.00
895705,260,25.00
895850,259,25.00
895994,259,25.00
896139,259,25.00
896283,259,25.00
896428,260,25.00
896572,259,25.00
896717,259,25.00
896861,259,25.00
897006,260,25.00
897153,259,25.00
897297,260,25.00
897442,260,25.00
897586,259,25.00
897730,260,25.00
897875,259,25.00
898019,259,25.00
898164,259,25.00
898308,260,25.00
898453,259,25.00
898597,260,25.00
898743,260,25.00
898888,259,25.00
899032,260,25.00
899176,259,25.00
899321,258,25.00
899465,259,25.00
899609,259,25.00
899754,260,25.00
899898,260,25.00
900042,259,25.00
900187,259,25.00
900331,259,25.00
900476,259,25.00
900620,259,25.00
900764,259,25.00
900909,259,25.00
901053,259,25.00
901200,260,25.00
901344,259,25.00
901489,259,25.00
901633,259,25.00
901777,260,25.00
901922,259,25.00
902066,259,25.00
902211,259,25.00
902355,259,25.00
902499,260,25.00
902644,260,25.00
902790,259,25.00
902934,259,25.00
903079,259,25.00
903223,260,25.00
903367,259,25.00
903512,259,25.00
903656,259,25.00
903800,259,25.00
903945,259,25.00
904089,260,25.00
904233,259,25.00
904378,260,25.00
904522,259,25.00
904667,259,25.00
904811,260,25.00
904955,259,25.00
905100,259,25.00
905247,259,25.00
905391,260,25.00
905536,259,25.00
905680,259,25.00
905825,259,25.00
905969,259,25.00
906114,259,25.00
906258,260,25.00
906402,259,25.00
906547,259,25.00
906691,259,25.00
906838,259,25.00
906982,259,25.00
907127,259,25.00
907271,259,25.00
907416,259,25.00
907561,259,25.00
907705,259,25.00
907849,259,25.00
907994,259,25.00
908138,260,25.00
908283,259,25.00
908427,259,25.00
908572,259,25.00
908716,259,25.00
908861,260,25.00
909005,260,25.00
909150,259,25.00
909294,260,25.00
909442,259,25.00
909586,259,25.00
909731,259,25.00
909875,259,25.00
910019,259,25.00
910164,260,25.00
910308,259,25.00
910453,259,25.00
910597,259,25.00
910743,259,25.00
910888,259,25.00
911032,259,25.00
911177,259,25.00
911321,259,25.00
911466,259,25.00
911610,259,25.00
911755,259,25.00
911900,260,25.00
912044,259,25.00
912189,259,25.00
912333,259,25.00
912478,260,25.00
912622,259,25.00
912766,260,25.00
912911,259,25.00
913055,260,25.00
913200,259,25.00
913344,259,25.00
913492,259,25.00
913636,260,25.00
913780,260,25.00
913925,259,25.00
914069,259,25.00
914214,259,25.00
914358,259,25.00
914503,260,25.00
914647,259,25.00
914794,260,25.00
914938,259,25.00
915082,259,25.00
915227,259,25.00
915371,259,25.00
915516,259,25.00
915660,259,25.00
915805,259,25.00
915949,259,25.00
916094,259,25.00
916238,259,25.00
916383,259,25.00
916527,260,25.00
916672,259,25.00
916816,259,25.00
916961,259,25.00
917105,259,25.00
917250,259,25.00
917394,259,25.00
917539,260,25.00
917686,259,25.00
917830,259,25.00
917975,258,25.00
918119,259,25.00
918264,259,25.00
918408,259,25.00
918553,259,25.00
918699,260,25.00
918844,259,25.00
918988,261,25.00
919133,259,25.00
919277,258,25.00
919421,259,25.00
919566,259,25.00
919710,259,25.00
919855,259,25.00
919999,259,25.00
920144,259,25.00
920288,259,25.00
920433,259,25.00
920577,259,25.00
920722,259,25.00
920866,259,25.00
921011,259,25.00
921155,260,25.00
921300,260,25.00
921444,260,25.00
921589,260,25.00
921736,259,25.00
921881,260,25.00
922025,259,25.00
922170,260,25.00
922314,259,25.00
922459,260,25.00
922603,259,25.00
922749,259,25.00
922894,259,25.00
923038,260,25.00
923183,258,25.00
923327,260,25.00
923472,259,25.00
923616,259,25.00
923761,259,25.00
923905,259,25.00
924050,260,25.00
924194,260,25.00
924339,259,25.00
924483,259,25.00
924627,258,25.00
924772,259,25.00
924916,258,25.00
925061,259,25.00
925205,259,25.00
925350,259,25.00
925494,260,25.00
925639,259,25.00
925783,258,25.00
925931,259,25.00
926075,259,25.00
926220,259,25.00
926364,258,25.00
926508,260,25.00
926655,258,25.00
926799,259,25.00
926944,259,25.00
927088,259,25.00
927233,259,25.00
927377,259,25.00
927522,259,25.00
927666,259,25.00
927811,258,25.00
927955,259,25.00
928100,259,25.00
928244,259,25.00
928388,260,25.00
928533,259,25.00
928677,259,25.00
928822,259,25.00
928966,259,25.00
929111,259,25.00
929255,259,25.00
929400,259,25.00
929544,259,25.00
929689,259,25.00
929833,260,25.00
929980,259,25.00
930125,259,25.00
930269,259,25.00
930413,259,25.00
930558,259,25.00
930704,259,25.00
930848,259,25.00
930992,260,25.00
931137,259,25.00
931281,259,25.00
931425,260,25.00
931570,259,25.00
931714,259,25.00
931858,260,25.00
932003,259,25.00
932147,259,25.00
932291,258,25.00
932436,259,25.00
932580,259,25.00
932725,259,25.00
932869,259,25.00
933013,259,25.00
933157,259,25.00
933302,260,25.00
933446,259,25.00
933590,259,25.00
933735,259,25.00
933879,259,25.00
934023,259,25.00
934178,259,25.00
934322,259,25.00
934468,259,25.00
934613,259,25.00
934757,260,25.00
934901,259,25.00
935046,259,25.00
935190,259,25.00
935334,258,25.00
935479,258,25.00
935623,259,25.00
935767,259,25.00
935912,259,25.00
936056,260,25.00
936200,260,25.00
936345,259,25.00
936489,259,25.00
936633,259,25.00
936778,260,25.00
936922,259,25.00
937066,260,25.00
937211,259,25.00
937355,259,25.00
937499,260,25.00
937644,259,25.00
937788,258,25.00
937932,260,25.00
938077,259,25.00
938224,259,25.00
938368,259,25.00
938514,259,25.00
938659,259,25.00
938803,260,25.00
938948,260,25.00
939092,258,25.00
939237,259,25.00
939381,259,25.00
939526,260,25.00
939670,259,25.00
939815,259,25.00
939959,259,25.00
940104,260,25.00
940248,259,25.00
940392,259,25.00
940537,259,25.00
940681,258,25.00
940826,260,25.00
940970,260,25.00
941115,259,25.00
941259,259,25.00
941404,259,25.00
941548,259,25.00
941693,259,25.00
941837,259,25.00
941982,260,25.00
942126,258,25.00
942273,259,25.00
942419,259,25.00
942564,259,25.00
942708,259,25.00
942853,259,25.00
942997,259,25.00
943142,258,25.00
943286,260,25.00
943431,259,25.00
943575,259,25.00
943720,259,25.00
943864,259,25.00
944009,259,25.00
944153,259,25.00
944298,259,25.00
944442,259,25.00
944586,259,25.00
944731,259,25.00
944875,259,25.00
945020,258,25.00
945164,259,25.00
945309,260,25.00
945453,259,25.00
945598,258,25.00
945742,259,25.00
945887,259,25.00
946031,259,25.00
946176,260,25.00
946320,259,25.00
946469,260,25.00
946614,259,25.00
946758,259,25.00
946902,259,25.00
947047,259,25.00
947191,259,25.00
947336,259,25.00
947480,259,25.00
947625,259,25.00
947769,259,25.00
947914,260,25.00
948058,259,25.00
948203,259,25.00
948347,258,25.00
948492,259,25.00
948636,259,25.00
948780,259,25.00
948925,259,25.00
949069,259,25.00
949214,260,25.00
949358,259,25.00
949503,259,25.00
949647,260,25.00
949791,259,25.00
949936,259,25.00
950080,259,25.00
950225,259,25.00
950369,259,25.00
950518,259,25.00
950663,258,25.00
950807,260,25.00
950952,259,25.00
951096,260,25.00
951241,260,25.00
951385,259,25.00
951530,260,25.00
951674,259,25.00
951818,259,25.00
951963,259,25.00
952107,259,25.00
952252,260,25.00
952396,259,25.00
952541,259,25.00
952685,260,25.00
952830,259,25.00
952974,259,25.00
953119,259,25.00
953263,259,25.00
953408,259,25.00
953552,259,25.00
953696,259,25.00
953841,259,25.00
953985,259,25.00
954130,258,25.00
954274,260,25.00
954421,259,25.00
954565,260,25.00
954712,259,25.00
954857,259,25.00
955001,259,25.00
955146,260,25.00
955290,259,25.00
955435,260,25.00
955579,259,25.00
955724,259,25.00
955868,260,25.00
956012,259,25.00
956157,259,25.00
956301,259,25.00
956446,259,25.00
956590,259,25.00
956735,259,25.00
956879,259,25.00
957024,259,25.00
957168,259,25.00
957313,260,25.00
957457,259,25.00
957602,260,25.00
957746,258,25.00
957891,259,25.00
958035,259,25.00
958180,259,25.00
958324,259,25.00
958470,258,25.00
958615,258,25.00
958762,260,25.00
958906,259,25.00
959051,259,25.00
959195,258,25.00
959340,259,25.00
959484,259,25.00
959629,259,25.00
959773,259,25.00
959918,259,25.00
960062,259,25.00
960207,259,25.00
960351,259,25.00
960496,259,25.00
960640,259,25.00
960785,259,25.00
960929,259,25.00
961074,259,25.00
961218,259,25.00
961363,258,25.00
961507,259,25.00
961652,259,25.00
961796,260,25.00
961941,259,25.0
962085,259,25.00
962230,260,25.00
962376,259,25.00
962520,259,25.00
962665,259,25.00
962809,259,25.00
962956,259,25.00
963100,259,25.00
963245,259,25.00
963389,259,25.00
963533,259,25.00
963678,259,25.00
963822,259,25.00
963966,259,25.00
964111,259,25.00
964255,259,25.00
964399,259,25.00
964544,259,25.00
964688,259,25.00
964832,259,25.00
964977,259,25.00
965121,259,25.00
965265,259,25.00
965410,258,25.00
965554,259,25.00
965698,259,25.00
965843,259,25.00
965987,259,25.00
966132,259,25.00
966276,260,25.00
966422,259,25.00
966566,259,25.00
966711,259,25.00
966855,260,25.00
967002,259,25.00
967146,259,25.00
967291,259,25.00
967435,259,25.00
967579,259,25.00
967724,259,25.00
967868,259,25.00
968013,259,25.00
968157,259,25.00
968302,259,25.00
968446,259,25.00
968590,259,25.00
968735,259,25.00
968879,259,25.00
969024,258,25.00
969168,260,25.00
969312,259,25.00
969457,259,25.00
969601,259,25.00
969745,259,25.00
969890,259,25.00
970034,259,25.00
970179,259,25.00
970323,259,25.00
970469,258,25.00
970614,259,25.00
970758,259,25.00
970902,259,25.00
971047,259,25.00
971194,259,25.00
971338,259,25.00
971483,259,25.00
971627,259,25.00
971772,259,25.00
971916,259,25.00
972061,259,25.00
972205,259,25.00
972350,259,25.00
972494,259,25.00
972639,259,25.00
972783,258,25.00
972928,259,25.00
973072,259,25.00
973217,259,25.00
973361,259,25.00
973506,260,25.00
973650,259,25.00
973795,259,25.00
973939,258,25.00
974084,259,25.00
974228,259,25.00
974374,258,25.00
974519,259,25.00
974663,259,25.00
974808,259,25.00
974952,259,25.00
975097,259,25.00
975244,259,25.00
975388,259,25.00
975533,259,25.00
975678,259,25.00
975822,259,25.00
975966,259,25.00
976111,259,25.00
976255,259,25.00
976400,259,25.00
976544,259,25.00
976689,259,25.00
976833,258,25.00
976978,260,25.00
977122,259,25.00
977267,259,25.00
977411,259,25.00
977556,259,25.00
977700,260,25.00
977845,259,25.00
977989,259,25.00
978134,260,25.00
978278,259,25.00
978424,259,25.00
978569,259,25.00
978713,260,25.00
978858,259,25.00
979002,260,25.00
979147,259,25.00
979294,259,25.00
979438,260,25.00
979583,259,25.00
979727,259,25.00
979872,259,25.00
980016,259,25.00
980161,259,25.00
980305,259,25.00
980449,259,25.00
980594,260,25.00
980738,259,25.00
980883,259,25.00
981027,259,25.00
981172,259,25.00
981316,259,25.00
981460,259,25.00
981605,259,25.00
981749,259,25.00
981894,259,25.00
982038,260,25.00
982183,259,25.00
982329,259,25.00
982474,259,25.00
982618,259,25.00
982763,259,25.00
982907,259,25.00
983051,259,25.00
983196,258,25.00
983340,259,25.00
983487,259,25.00
983632,259,25.00
983776,259,25.00
983921,259,25.00
984065,259,25.00
984210,259,25.00
984354,259,25.00
984499,260,25.00
984643,259,25.00
984788,259,25.00
984932,259,25.00
985077,259,25.00
985221,258,25.00
985366,259,25.00
985510,258,25.00
985655,259,25.00
985799,260,25.00
985944,258,25.00
986088,259,25.00
986233,259,25.00
986379,259,25.00
986523,259,25.00
986668,259,25.00
986812,259,25.00
986957,259,25.00
987101,259,25.00
987246,259,25.00
987390,259,25.00
987537,259,25.00
987682,260,25.00
987826,259,25.00
987970,259,25.00
988115,259,25.00
988259,259,25.00
988404,259,25.00
988548,259,25.00
988693,259,25.00
988837,259,25.00
988982,259,25.00
989126,259,25.00
989271,258,25.00
989415,259,25.00
989560,259,25.00
989704,259,25.00
989849,259,25.00
989993,259,25.00
990138,259,25.00
990284,260,25.00
990428,259,25.00
990573,259,25.00
990717,259,25.00
990862,259,25.00
991006,259,25.00
991151,259,25.00
991295,260,25.00
991440,259,25.00
991584,259,25.00
991731,259,25.00
991876,259,25.00
992020,259,25.00
992165,259,25.00
992309,258,25.00
992453,259,25.00
992598,260,25.00
992742,260,25.00
992887,259,25.00
993031,259,25.00
993176,260,25.00
993320,259,25.00
993465,259,25.00
993609,259,25.00
993754,259,25.00
993898,259,25.00
994043,259,25.00
994187,258,25.00
994334,259,25.00
994478,259,25.00
994622,259,25.00
994767,260,25.00
994911,259,25.00
995056,260,25.00
995200,259,25.00
995345,260,25.00
995489,259,25.00
995634,260,25.00
995781,258,25.00
995925,259,25.00
996070,259,25.00
996214,259,25.00
996358,259,25.00
996503,258,25.00
996647,259,25.00
996791,259,25.00
996936,260,25.00
997080,259,25.00
997224,258,25.00
997369,259,25.00
997513,259,25.00
997657,258,25.00
997802,258,25.00
997946,259,25.00
998090,260,25.00
998237,259,25.00
998381,258,25.00
998525,259,25.00
998670,258,25.00
998814,259,25.00
998958,258,25.00
999103,259,25.00
999247,258,25.00
999391,259,25.00
999536,259,25.00
999680,259,25.00
999824,258,25.00
999971,260,25.00
1000116,259,25.00
1000260,260,25.00
1000404,258,25.00
1000549,259,25.00
1000693,259,25.00
1000837,259,25.00
1000982,259,25.00
1001126,259,25.00
1001270,258,25.00
1001415,259,25.00
1001559,259,25.00
1001703,259,25.00
1001848,259,25.00
1001992,258,25.00
1002136,259,25.00
1002282,259,25.00
1002427,258,25.00
1002571,259,25.00
1002716,259,25.00
1002860,259,25.00
1003004,259,25.00
1003149,259,25.00
1003293,259,25.00
1003437,259,25.00
1003581,259,25.00
1003726,258,25.00
1003873,259,25.00
1004017,258,25.00
1004162,259,25.00
1004306,259,25.00
1004451,259,25.00
1004595,260,25.00
1004740,259,25.00
1004884,259,25.00
1005029,259,25.00
1005173,259,25.00
1005318,259,25.00
1005462,260,25.00
1005607,259,25.00
1005751,259,25.00
1005896,259,25.00
1006040,259,25.00
1006184,258,25.00
1006331,259,25.00
1006475,259,25.00
1006620,260,25.00
1006764,259,25.00
1006909,258,25.00
1007053,259,25.00
1007198,259,25.00
1007342,258,25.00
1007487,259,25.00
1007631,259,25.00
1007778,259,25.00
1007923,259,25.00
1008067,259,25.00
1008212,259,25.00
1008356,259,25.00
1008501,259,25.00
1008645,258,25.00
1008789,259,25.00
1008934,260,25.00
1009078,259,25.00
1009223,259,25.00
1009367,259,25.00
1009512,259,25.00
1009657,259,25.00
1009801,259,25.00
1009945,259,25.00
1010090,260,25.00
1010236,259,25.00
1010381,259,25.00
1010525,258,25.00
1010669,259,25.00
1010814,259,25.00
1010958,259,25.00
1011103,259,25.00
1011247,259,25.00
1011392,259,25.00
1011536,260,25.00
1011684,259,25.00
1011828,259,25.00
1011973,258,25.00
1012117,259,25.00
1012262,259,25.00
1012406,258,25.00
1012550,259,25.00
1012695,259,25.00
1012839,259,25.00
1012984,259,25.00
1013128,259,25.00
1013273,258,25.00
1013417,259,25.00
1013562,259,25.00
1013706,259,25.00
1013851,258,25.00
1013995,258,25.00
1014140,259,25.00
1014286,259,25.00
1014431,259,25.00
1014575,259,25.00
1014719,258,25.00
1014864,259,25.00
1015008,259,25.00
1015153,258,25.00
1015297,259,25.00
1015442,259,25.00
1015589,258,25.00
1015733,259,25.00
1015878,259,25.00
1016022,259,25.00
1016167,259,25.00
1016311,260,25.00
1016456,259,25.00
1016600,259,25.00
1016745,259,25.00
1016889,259,25.00
1017033,259,25.00
1017178,259,25.00
1017322,259,25.00
1017467,260,25.00
1017611,259,25.00
1017756,258,25.00
1017900,260,25.00
1018045,259,25.00
1018191,259,25.00
1018335,259,25.00
1018480,258,25.00
1018624,259,25.00
1018769,259,25.00
1018913,259,25.00
1019058,259,25.00
1019202,258,25.00
1019346,259,25.00
1019489,259,25.00
1019633,259,25.00
1019778,259,25.00
1019922,259,25.00
1020067,259,25.00
1020211,260,25.00
1020356,259,25.00
1020500,259,25.00
1020645,259,25.00
1020789,259,25.00
1020934,259,25.00
1021078,259,25.00
1021223,259,25.00
1021367,259,25.00
1021512,259,25.00
1021656,259,25.00
1021800,260,25.00
1021945,259,25.00
1022089,259,25.00
1022236,259,25.00
1022380,258,25.00
1022525,259,25.00
1022669,259,25.00
1022813,259,25.00
1022958,258,25.00
1023102,259,25.00
1023250,259,25.00
1023394,259,25.00
1023539,259,25.00
1023683,259,25.00
1023828,259,25.00
1023972,259,25.00
1024116,259,25.00
1024261,259,25.00
1024405,259,25.00
1024550,259,25.00
1024694,259,25.00
1024839,259,25.00
1024983,258,25.00
1025128,259,25.00
1025272,258,25.00
1025417,259,25.00
1025561,259,25.00
1025706,259,25.00
1025850,259,25.00
1025995,258,25.00
1026139,259,25.00
1026285,259,25.00
1026430,260,25.00
1026574,259,25.00
1026719,259,25.00
1026863,259,25.00
1027008,259,25.00
1027155,260,25.00
1027299,259,25.00
1027443,259,25.00
1027588,259,25.00
1027732,258,25.00
1027877,259,25.00
1028021,260,25.00
1028165,258,25.00
1028310,259,25.00
1028454,259,25.00
1028598,259,25.00
1028742,258,25.00
1028887,258,25.00
1029031,259,25.00
1029175,259,25.00
1029320,259,25.00
1029464,259,25.00
1029608,258,25.00
1029753,259,25.00
1029897,260,25.00
1030042,259,25.00
1030188,259,25.00
1030332,259,25.00
1030477,259,25.00
1030621,259,25.00
1030765,258,25.00
1030909,259,25.00
1031056,259,25.00
1031201,260,25.00
1031345,259,25.00
1031489,258,25.00
1031634,258,25.00
1031778,259,25.00
1031922,259,25.00
1032067,259,25.00
1032211,259,25.00
1032355,260,25.00
1032500,260,25.00
1032644,259,25.00
1032788,259,25.00
1032933,259,25.00
1033077,259,25.00
1033221,259,25.00
1033366,259,25.00
1033510,259,25.00
1033654,259,25.00
1033799,260,25.00
1033943,259,25.00
1034087,258,25.00
1034234,259,25.00
1034378,258,25.00
1034522,259,25.00
1034667,259,25.00
1034811,259,25.00
1034958,259,25.00
1035103,259,25.00
1035247,258,25.00
1035392,258,25.00
1035536,260,25.00
1035680,258,25.00
1035825,258,25.00
1035969,259,25.00
1036114,260,25.00
1036258,259,25.00
1036403,259,25.00
1036547,259,25.00
1036692,259,25.00
1036836,259,25.00
1036981,259,25.00
1037125,259,25.00
1037270,259,25.00
1037414,259,25.00
1037559,259,25.00
1037703,259,25.00
1037847,259,25.00
1037992,258,25.00
1038136,259,25.00
1038283,259,25.00
1038427,259,25.00
1038572,259,25.00
1038716,259,25.00
1038863,259,25.00
1039008,259,25.00
1039152,259,25.00
1039297,259,25.00
1039441,259,25.00
1039586,259,25.00
1039730,258,25.00
1039875,259,25.00
1040019,259,25.00
1040163,259,25.00
1040308,258,25.00
1040452,259,25.00
1040597,259,25.00
1040741,259,25.00
1040886,259,25.00
1041030,259,25.00
1041175,259,25.00
1041319,259,25.00
1041464,258,25.00
1041608,259,25.00
1041753,259,25.00
1041897,260,25.00
1042042,260,25.00
1042188,258,25.00
1042332,259,25.00
1042477,259,25.00
1042621,259,25.00
1042768,259,25.00
1042913,259,25.00
1043057,259,25.00
1043202,259,25.00
1043346,259,25.00
1043491,258,25.00
1043635,259,25.00
1043780,259,25.00
1043924,259,25.00
1044069,259,25.00
1044213,259,25.00
1044358,259,25.00
1044502,258,25.00
1044647,259,25.00
1044791,259,25.00
1044935,258,25.00
1045080,259,25.00
1045224,259,25.00
1045369,259,25.00
1045513,258,25.00
1045658,258,25.00
1045802,259,25.00
1045947,259,25.00
1046091,259,25.00
1046237,259,25.00
1046382,260,25.00
1046526,258,25.00
1046673,259,25.00
1046818,259,25.00
1046962,258,25.00
1047107,259,25.00
1047251,259,25.00
1047396,259,25.00
1047540,258,25.00
1047685,260,25.00
1047829,259,25.00
1047973,259,25.00
1048118,259,25.00
1048262,259,25.00
1048407,259,25.00
1048551,259,25.00
1048696,259,25.00
1048840,259,25.00
1048985,259,25.00
1049129,259,25.00
1049274,259,25.00
1049418,259,25.00
1049562,259,25.00
1049707,260,25.00
1049851,260,25.00
1049996,259,25.00
1050142,259,25.00
1050286,259,25.00
1050431,259,25.00
1050578,259,25.00
1050723,258,25.00
1050867,259,25.00
1051011,258,25.00
1051156,259,25.00
1051300,259,25.00
1051445,259,25.00
1051589,258,25.00
1051734,259,25.00
1051878,259,25.00
1052023,259,25.00
1052167,258,25.00
1052312,259,25.00
1052456,258,25.00
1052601,258,25.00
1052745,259,25.00
1052890,259,25.00
1053034,258,25.00
1053179,259,25.00
1053323,259,25.00
1053467,259,25.00
1053612,259,25.00
1053756,259,25.00
1053901,259,25.00
1054045,259,25.00
1054191,258,25.00
1054336,259,25.00
1054483,259,25.00
1054628,259,25.00
1054772,259,25.00
1054917,259,25.00
1055061,258,25.00
1055206,259,25.00
1055350,259,25.00
1055495,259,25.00
1055639,258,25.00
1055783,259,25.00
1055928,259,25.00
1056072,259,25.00
1056217,258,25.00
1056361,259,25.00
1056506,259,25.00
1056650,259,25.00
1056795,258,25.00
1056939,259,25.00
1057084,260,25.00
1057228,259,25.00
1057373,259,25.00
1057517,259,25.00
1057662,259,25.00
1057806,259,25.00
1057951,259,25.00
1058097,260,25.00
1058241,260,25.00
1058388,259,25.00
1058533,259,25.00
1058677,259,25.00
1058821,259,25.00
1058966,259,25.00
1059110,259,25.00
1059254,259,25.00
1059399,259,25.00
1059543,259,25.00
1059687,258,25.00
1059832,259,25.00
1059976,259,25.00
1060120,259,25.00
1060265,259,25.00
1060409,259,25.00
1060553,259,25.00
1060698,258,25.00
1060842,259,25.00
1060986,259,25.00
1061131,259,25.00
1061275,259,25.00
1061420,259,25.00
1061564,260,25.00
1061708,259,25.00
1061853,258,25.00
1061997,259,25.00
1062143,258,25.00
1062290,259,25.00
1062434,258,25.00
1062579,259,25.00
1062723,259,25.00
1062867,259,25.00
1063012,259,25.00
1063156,259,25.00
1063300,259,25.00
1063445,259,25.00
1063589,258,25.00
1063733,259,25.00
1063878,259,25.00
1064022,258,25.00
1064166,260,25.00
1064311,259,25.00
1064455,259,25.00
1064599,259,25.00
1064744,259,25.00
1064888,259,25.00
1065032,259,25.00
1065177,260,25.00
1065321,259,25.00
1065465,259,25.00
1065610,259,25.00
1065754,259,25.00
1065898,258,25.00
1066043,259,25.00
1066192,259,25.00
1066336,259,25.00
1066481,259,25.00
1066625,259,25.00
1066770,259,25.00
1066914,259,25.00
1067058,259,25.00
1067203,258,25.00
1067347,259,25.00
1067492,259,25.00
1067636,259,25.00
1067781,259,25.00
1067925,259,25.00
1068070,259,25.00
1068214,259,25.00
1068359,259,25.00
1068503,259,25.00
1068648,258,25.00
1068792,259,25.00
1068937,259,25.00
1069081,259,25.00
1069226,258,25.00
1069370,258,25.00
1069514,259,25.00
1069659,259,25.00
1069803,259,25.00
1069948,258,25.00
1070097,259,25.00
1070241,259,25.00
1070386,258,25.00
1070530,259,25.00
1070675,258,25.00
1070819,260,25.00
1070964,259,25.00
1071108,258,25.00
1071253,259,25.00
1071397,259,25.00
1071542,258,25.00
1071686,259,25.00
1071831,259,25.00
1071975,259,25.00
1072120,259,25.00
1072264,259,25.00
1072408,258,25.00
1072553,258,25.00
1072697,260,25.00
1072842,259,25.00
1072986,259,25.00
1073131,260,25.00
1073275,259,25.00
1073420,259,25.00
1073564,259,25.00
1073709,258,25.00
1073853,259,25.00
1074002,258,25.00
1074147,258,25.00
1074291,259,25.00
1074436,259,25.00
1074580,259,25.00
1074724,259,25.00
1074869,259,25.00
1075013,258,25.00
1075158,259,25.00
1075302,258,25.00
1075447,258,25.00
1075591,259,25.00
1075736,258,25.00
1075880,259,25.00
1076025,258,25.00
1076169,259,25.00
1076314,259,25.00
1076458,259,25.00
1076602,259,25.00
1076747,259,25.00
1076891,259,25.00
1077036,259,25.00
1077180,258,25.00
1077325,259,25.00
1077469,259,25.00
1077614,259,25.00
1077758,259,25.00
1077906,260,25.00
1078052,259,25.00
1078196,258,25.00
1078341,259,25.00
1078485,259,25.00
1078629,259,25.00
1078774,258,25.00
1078918,260,25.00
1079063,259,25.00
1079207,259,25.00
1079352,258,25.00
1079496,259,25.00
1079641,259,25.00
1079785,258,25.00
1079930,259,25.00
1080074,258,25.00
1080219,258,25.00
1080363,259,25.00
1080508,259,25.00
1080652,259,25.00
1080796,259,25.00
1080941,259,25.00
1081085,258,25.00
1081230,258,25.00
1081374,258,25.00
1081519,259,25.00
1081663,259,25.00
1081810,259,25.00
1081956,258,25.00
1082101,259,25.00
1082246,259,25.00
1082390,259,25.00
1082535,259,25.00
1082679,258,25.00
1082823,259,25.00
1082968,259,25.00
1083112,259,25.00
1083257,259,25.00
1083401,259,25.00
1083546,258,25.00
1083690,258,25.00
1083835,258,25.00
1083979,259,25.00
1084124,259,25.00
1084268,259,25.00
1084413,259,25.00
1084557,258,25.00
1084702,258,25.00
1084846,259,25.00
1084991,258,25.00
1085135,259,25.00
1085280,259,25.00
1085424,259,25.00
1085568,259,25.00
1085716,259,25.00
1085860,258,25.00
1086006,258,25.00
1086151,258,25.00
1086295,259,25.00
1086440,259,25.00
1086584,259,25.00
1086729,259,25.00
1086873,259,25.00
1087018,259,25.00
1087162,259,25.00
1087307,259,25.00
1087451,259,25.00
1087596,258,25.00
1087740,259,25.00
1087885,259,25.00
1088029,259,25.00
1088173,259,25.00
1088318,259,25.00
1088462,259,25.00
1088607,259,25.00
1088751,259,25.00
1088896,259,25.00
1089040,259,25.00
1089185,259,25.00
1089329,259,25.00
1089474,259,25.00
1089621,259,25.00
1089765,259,25.00
1089911,259,25.00
1090056,258,25.00
1090200,259,25.00
1090344,259,25.00
1090489,258,25.00
1090633,259,25.00
1090777,259,25.00
1090922,259,25.00
1091066,259,25.00
1091211,258,25.00
1091355,259,25.00
1091499,259,25.00
1091644,259,25.00
1091788,259,25.00
1091932,259,25.00
1092077,259,25.00
1092221,259,25.00
1092365,259,25.00
1092510,258,25.00
1092654,258,25.00
1092798,259,25.00
1092943,259,25.00
1093087,260,25.00
1093231,258,25.00
1093376,259,25.00
1093518,259,25.00
1093662,259,25.00
1093807,259,25.00
1093953,259,25.00
1094097,259,25.00
1094242,259,25.00
1094386,258,25.00
1094530,259,25.00
1094675,259,25.00
1094819,259,25.00
1094963,258,25.00
1095108,258,25.00
1095252,259,25.00
1095396,259,25.00
1095541,258,25.00
1095685,259,25.00
1095829,259,25.00
1095974,259,25.00
1096118,259,25.00
1096263,258,25.00
1096407,258,25.00
1096551,259,25.00
1096696,259,25.00
1096840,259,25.00
1096984,259,25.00
1097128,258,25.00
1097276,258,25.00
1097420,259,25.00
1097564,259,25.00
1097709,258,25.00
1097853,259,25.00
1098000,258,25.00
1098144,259,25.00
1098289,259,25.00
1098433,259,25.00
1098578,258,25.00
1098722,258,25.00
1098867,259,25.00
1099011,259,25.00
1099156,258,25.00
1099300,259,25.00
1099444,258,25.00
1099589,258,25.00
1099733,259,25.00
1099878,258,25.00
1100022,259,25.00
1100167,258,25.00
1100311,259,25.00
1100456,259,25.00
1100600,259,25.00
1100745,259,25.00
1100889,259,25.00
1101034,259,25.00
1101181,259,25.00
1101325,259,25.00
1101470,259,25.00
1101614,259,25.00
1101758,259,25.00
1101905,259,25.00
1102049,258,25.00
1102194,259,25.00
1102338,259,25.00
1102483,259,25.00
1102627,259,25.00
1102772,259,25.00
1102916,260,25.00
1103061,258,25.00
1103205,258,25.00
1103350,259,25.00
1103494,259,25.00
1103638,259,25.00
1103783,259,25.00
1103927,259,25.00
1104072,259,25.00
1104216,259,25.00
1104361,259,25.00
1104505,259,25.00
1104650,259,25.00
1104794,260,25.00
1104939,259,25.00
1105086,258,25.00
1105230,259,25.00
1105375,259,25.00
1105519,259,25.00
1105664,259,25.00
1105808,258,25.00
1105954,259,25.00
1106099,259,25.00
1106243,259,25.00
1106388,259,25.00
1106532,258,25.00
1106676,259,25.00
1106821,259,25.00
1106965,258,25.00
1107110,258,25.00
1107254,259,25.00
1107399,258,25.00
1107543,259,25.00
1107688,259,25.00
1107832,258,25.00
1107977,260,25.00
1108121,259,25.00
1108266,259,25.00
1108410,258,25.00
1108554,258,25.00
1108699,259,25.00
1108843,259,25.00
1108990,259,25.00
1109135,259,25.00
1109279,259,25.00
1109424,260,25.00
1109568,259,25.00
1109713,259,25.00
1109859,259,25.00
1110004,260,25.00
1110148,259,25.00
1110292,259,25.00
1110437,259,25.00
1110581,258,25.00
1110726,258,25.00
1110870,258,25.00
1111015,259,25.00
1111159,259,25.00
1111304,258,25.00
1111448,259,25.00
1111593,258,25.00
1111737,259,25.00
1111881,259,25.00
1112026,259,25.00
1112170,259,25.00
1112315,258,25.00
1112459,259,25.00
1112604,259,25.00
1112748,260,25.00
1112895,260,25.00
1113040,258,25.00
1113184,258,25.00
1113329,258,25.00
1113473,259,25.00
1113618,258,25.00
1113762,259,25.00
1113908,258,25.00
1114053,259,25.00
1114197,259,25.00
1114342,259,25.00
1114486,259,25.00
1114631,260,25.00
1114775,259,25.00
1114920,258,25.00
1115064,259,25.00
1115209,259,25.00
1115353,259,25.00
1115498,259,25.00
1115642,259,25.00
1115786,259,25.00
1115931,259,25.00
1116075,259,25.00
1116220,259,25.00
1116364,259,25.00
1116509,258,25.00
1116654,259,25.00
1116801,259,25.00
1116945,259,25.00
1117090,259,25.00
1117234,259,25.00
1117378,259,25.00
1117523,258,25.00
1117667,259,25.00
1117814,259,25.00
1117958,259,25.00
1118103,259,25.00
1118247,258,25.00
1118391,259,25.00
1118536,258,25.00
1118681,259,25.00
1118825,259,25.00
1118970,259,25.00
1119114,259,25.00
1119258,259,25.00
1119403,259,25.00
1119547,259,25.00
1119692,260,25.00
1119836,259,25.00
1119981,259,25.001120125,259,25.00
1120270,260,25.00
1120414,259,25.00
1120559,258,25.00
1120706,259,25.00
1120850,258,25.00
1120995,259,25.00
1121139,259,25.00
1121283,258,25.00
1121428,259,25.00
1121572,259,25.00
1121716,259,25.00
1121862,259,25.00
1122007,259,25.00
1122151,259,25.00
1122295,258,25.00
1122440,258,25.00
1122584,259,25.00
1122728,260,25.00
1122873,259,25.00
1123017,259,25.00
1123161,259,25.00
1123306,259,25.00
1123450,259,25.00
1123595,259,25.00
1123739,258,25.00
1123883,258,25.00
1124027,258,25.00
1124172,259,25.00
1124316,259,25.00
1124460,259,25.00
1124607,258,25.00
1124752,259,25.00
1124896,258,25.00
1125040,259,25.00
1125185,260,25.00
1125329,258,25.00
1125473,259,25.00
1125618,259,25.00
1125762,259,25.00
1125908,259,25.00
1126053,258,25.00
1126197,259,25.00
1126341,260,25.00
1126485,259,25.00
1126630,259,25.00
1126774,259,25.00
1126918,258,25.00
1127063,259,25.00
1127207,258,25.00
1127351,259,25.00
1127496,258,25.00
1127640,259,25.00
1127785,259,25.00
1127929,259,25.00
1128073,259,25.00
1128218,258,25.00
1128362,259,25.00
1128509,258,25.00
1128653,259,25.00
1128798,259,25.00
1128942,258,25.00
1129087,259,25.00
1129231,259,25.00
1129376,259,25.00
1129520,259,25.00
1129665,259,25.00
3241,260,25.00
3422,259,25.00
3566,259,25.00
3711,259,25.00
3855,259,25.00
4000,259,25.00
4144,259,25.00
4289,258,25.00
4433,260,25.00
4578,259,25.00
4722,259,25.00
4867,259,25.00
5011,259,25.00
5156,259,25.00
5301,259,25.00
5445,259,25.00
5590,259,25.00
5734,259,25.00
5879,259,25.00
6023,260,25.00
6168,259,25.00
6315,259,25.00
6460,259,25.00
6604,259,25.00
6749,260,25.00
6893,259,25.00
7038,259,25.00
7182,259,25.00
7331,260,25.00
7475,258,25.00
7620,258,25.00
7764,259,25.00
7909,259,25.00
8054,260,25.00
8198,258,25.00
8343,259,25.00
8487,259,25.00
8632,259,25.00
8776,259,25.00
8921,259,25.00
9065,259,25.00
9210,259,25.00
9354,259,25.00
9499,258,25.00
9643,259,25.00
9788,259,25.00
9933,259,25.00
10077,258,25.00
10222,258,25.00
10366,258,25.00
10511,260,25.00
10655,259,25.00
10800,258,25.00
10947,259,25.00
11092,259,25.00
11238,259,25.00
11383,258,25.00
11527,259,25.00
11672,259,25.00
11816,259,25.00
11961,259,25.00
12105,259,25.00
12250,258,25.00
12394,259,25.00
12539,259,25.00
12683,259,25.00
12828,258,25.00
12973,259,25.00
13117,259,25.00
13262,260,25.00
13406,260,25.00
13550,259,25.00
13695,259,25.00
13839,258,25.00
13984,259,25.00
14129,259,25.00
14273,259,25.00
14418,259,25.00
14562,258,25.00
14707,259,25.00
14851,259,25.00
14996,258,25.00
15141,259,25.00
15290,259,25.00
15434,259,25.00
15578,259,25.00
15723,258,25.00
15867,259,25.00
16012,259,25.00
16157,258,25.00
16301,259,25.00
16446,259,25.00
16590,260,25.00
16735,259,25.00
16879,259,25.00
17024,259,25.00
17168,259,25.00
17313,259,25.00
17457,259,25.00
17602,259,25.00
17746,259,25.00
17891,258,25.00
18035,259,25.00
18180,259,25.00
18324,259,25.00
18469,258,25.00
18613,258,25.00
18758,259,25.00
18903,259,25.00
19047,259,25.00
19192,259,25.00
19338,258,25.00
19483,258,25.00
19630,258,25.00
19774,258,25.00
19919,258,25.00
20063,258,25.00
20208,258,25.00
20352,258,25.00
20497,259,25.00
20642,259,25.00
20786,259,25.00
20931,258,25.00
21075,259,25.00
21220,260,25.00
21364,258,25.00
21509,259,25.00
21654,259,25.00
21798,259,25.00
21943,259,25.00
22087,258,25.00
22232,258,25.00
22376,258,25.00
22521,258,25.00
22665,259,25.00
22810,259,25.00
22954,259,25.00
23099,259,25.00
23245,259,25.00
23390,258,25.00
23534,259,25.00
23679,259,25.00
23823,259,25.00
23971,259,25.00
24115,259,25.00
24260,258,25.00
24404,258,25.00
24549,258,25.00
24693,259,25.00
24838,259,25.00
24982,258,25.00
25127,259,25.00
25271,260,25.00
25416,259,25.00
25560,259,25.00
25705,259,25.00
25850,258,25.00
25994,259,25.00
26139,258,25.00
26283,259,25.00
26428,258,25.00
26572,258,25.00
26717,259,25.00
26862,259,25.00
27006,258,25.00
27151,259,25.00
27297,259,25.00
27441,259,25.00
27586,259,25.00
27730,259,25.00
27875,259,25.00
28019,259,25.00
28164,259,25.00
28311,258,25.00
28456,258,25.00
28600,259,25.00
28745,259,25.00
28889,259,25.00
29033,258,25.00
29178,258,25.00
29322,259,25.00
29467,259,25.00
29611,259,25.00
29755,259,25.00
29900,258,25.00
30044,259,25.00
30189,258,25.00
30333,259,25.00
30477,260,25.00
30622,259,25.00
30766,259,25.00
30911,259,25.00
31055,258,25.00
31201,259,25.00
31346,259,25.00
31490,259,25.00
31635,259,25.00
31779,259,25.00
31923,258,25.00
32068,259,25.00
32212,259,25.00
32357,259,25.00
32501,258,25.00
32646,259,25.00
32788,259,25.00
32932,259,25.00
33077,260,25.00
33221,259,25.00
33366,258,25.00
33510,258,25.00
33654,259,25.00
33799,259,25.00
33943,258,25.00
34088,259,25.00
34232,259,25.00
34376,259,25.00
34521,259,25.00
34665,258,25.00
34810,258,25.00
34954,258,25.00
35099,258,25.00
35245,259,25.00
35389,258,25.00
35534,259,25.00
35678,258,25.00
35823,258,25.00
35967,258,25.00
36111,259,25.00
36256,259,25.00
36400,259,25.00
36545,259,25.00
36689,258,25.00
36833,259,25.00
36978,259,25.00
37125,259,25.00
37269,258,25.00
37414,258,25.00
37559,258,25.00
37703,259,25.00
37848,259,25.00
37992,259,25.00
38137,259,25.00
38281,259,25.00
38426,259,25.00
38570,259,25.00
38715,259,25.00
38859,259,25.00
39004,258,25.00
39149,258,25.00
39295,259,25.00
39439,259,25.00
39584,259,25.00
39729,259,25.00
39873,258,25.00
40018,259,25.00
40162,259,25.00
40307,258,25.00
40451,259,25.00
40596,259,25.00
40740,259,25.00
40885,260,25.00
41029,259,25.00
41174,260,25.00
41319,258,25.00
41466,259,25.00
41610,258,25.00
41755,259,25.00
41899,258,25.00
42044,259,25.00
42189,259,25.00
42333,258,25.00
42484,258,25.00
42628,258,25.00
42773,259,25.00
42917,259,25.00
43062,259,25.00
43208,258,25.00
43353,259,25.00
43497,259,25.00
43642,258,25.00
43786,258,25.00
43931,259,25.00
44076,259,25.00
44220,259,25.00
44365,258,25.00
44509,259,25.00
44654,259,25.00
44798,258,25.00
44943,259,25.00
45088,259,25.00
45232,258,25.00
45377,259,25.00
45521,259,25.00
45666,259,25.00
45813,259,25.00
45957,258,25.00
46102,259,25.00
46246,258,25.00
46391,259,25.00
46536,259,25.00
46680,259,25.00
46825,259,25.00
46969,258,25.00
47114,259,25.00
47260,258,25.00
47404,25,25.00
47549,259,25.00
47693,259,25.00
47838,259,25.00
47982,259,25.00
48127,258,25.00
48271,258,25.00
48416,259,25.00
48561,258,25.00
48705,259,25.00
48850,259,25.00
48994,259,25.00
49139,259,25.00
49283,259,25.00
49428,259,25.00
49572,259,25.00
49717,259,25.00
49861,259,25.00
50006,259,25.00
50153,259,25.00
50298,259,25.00
50442,259,25.00
50587,259,25.00
50731,258,25.00
50876,260,25.00
51020,258,25.00
51167,258,25.00
51311,260,25.00
51456,259,25.00
51600,259,25.00
51745,258,25.00
51889,259,25.00
52034,258,25.00
52178,259,25.00
52323,259,25.00
52467,257,25.00
52612,258,25.00
52756,259,25.00
52901,259,25.00
53046,259,25.00
53190,259,25.00
53335,258,25.00
53479,258,25.00
53624,259,25.00
53768,259,25.00
53913,258,25.00
54057,259,25.00
54202,258,25.00
54346,259,25.00
54494,259,25.00
54638,260,25.00
54783,259,25.00
54927,259,25.00
55072,259,25.00
55218,259,25.00
55363,259,25.00
55507,258,25.00
55652,259,25.00
55796,258,25.00
55941,259,25.00
56086,259,25.00
56230,259,25.00
56375,258,25.00
56519,258,25.00
56664,259,25.00
56808,258,25.00
56953,259,25.00
57097,259,25.00
57242,259,25.00
57386,259,25.00
57531,259,25.00
57676,258,25.00
57820,258,25.00
57965,258,25.00
58109,259,25.00
58254,258,25.00
58398,259,25.00
58543,259,25.00
58688,258,25.00
58835,259,25.00
58979,259,25.00
59126,258,25.00
59270,259,25.00
59415,258,25.00
59559,259,25.00
59704,258,25.00
59848,258,25.00
59993,259,25.00
60137,258,25.00
60282,258,25.00
60426,259,25.00
60571,259,25.00
60716,258,25.00
60860,258,25.00
61005,258,25.00
61149,258,25.00
61294,258,25.00
61438,259,25.00
61583,259,25.00
61727,258,25.00
61872,259,25.00
62016,259,25.00
62161,259,25.00
62305,259,25.00
62450,258,25.00
62595,259,25.00
62739,259,25.00
62884,259,25.00
63028,259,25.00
63177,258,25.00
63322,259,25.00
63466,259,25.00
63610,259,25.00
63755,259,25.00
63899,259,25.00
64044,258,25.00
64188,258,25.00
64332,258,25.00
64477,259,25.00
64621,259,25.00
64766,259,25.00
64910,259,25.00
65055,259,25.00
65199,258,25.00
65344,259,25.00
65488,258,25.00
65632,259,25.00
65777,258,25.00
65921,258,25.00
66066,258,25.00
66210,258,25.00
66354,258,25.00
66499,259,25.00
66643,258,25.00
66788,259,25.00
66932,259,25.00
67077,258,25.00
67223,259,25.00
67367,259,25.00
67522,258,25.00
67666,259,25.00
67811,258,25.00
67955,260,25.00
68099,258,25.00
68244,258,25.00
68388,259,25.00
68532,259,25.00
68677,259,25.00
68821,258,25.00
68966,259,25.00
69110,259,25.00
69255,258,25.00
69399,259,25.00
69543,258,25.00
69688,259,25.00
69832,259,25.00
69977,259,25.00
70121,258,25.00
70265,259,25.00
70410,259,25.00
70554,259,25.00
70699,258,25.00
70843,259,25.00
70989,259,25.00
71134,259,25.00
71278,259,25.00
71422,259,25.00
71567,258,25.00
71711,259,25.00
71856,258,25.00
72003,258,25.00
72147,258,25.00
72292,259,25.00
72436,259,25.00
72581,259,25.00
72725,259,25.00
72870,258,25.00
73014,258,25.00
73159,258,25.00
73303,259,25.00
73448,258,25.00
73592,259,25.00
73737,259,25.00
73881,259,25.00
74026,259,25.00
74171,259,25.00
74315,259,25.00
74460,259,25.00
74604,258,25.00
74749,259,25.00
74893,258,25.00
75039,259,25.00
75184,258,25.00
75328,259,25.00
75473,258,25.00
75617,259,25.00
75762,258,25.00
75906,259,25.00
76051,259,25.00
76196,259,25.00
76343,258,25.00
76488,259,25.00
76632,259,25.00
76776,259,25.00
76921,260,25.00
77065,257,25.00
77210,258,25.00
77354,258,25.00
77499,258,25.00
77643,259,25.00
77788,258,25.00
77933,258,25.00
78077,259,25.00
78222,258,25.00
78366,259,25.00
78511,259,25.00
78655,259,25.00
78800,259,25.00
78946,259,25.00
79091,258,25.00
79235,258,25.00
79380,259,25.00
79524,259,25.00
79669,259,25.00
79813,258,25.00
79958,258,25.00
80102,259,25.00
80247,259,25.00
80391,258,25.00
80536,259,25.00
80683,260,25.00
80828,258,25.00
80972,260,25.00
81117,258,25.00
81261,259,25.00
81406,258,25.00
81550,258,25.00
81695,258,25.00
81839,259,25.00
81984,259,25.00
82128,259,25.00
82273,260,25.00
82417,259,25.00
82562,259,25.00
82706,259,25.00
82851,259,25.00
82997,259,25.00
83142,259,25.00
83286,258,25.00
83431,258,25.00
83575,258,25.00
83720,258,25.00
83864,258,25.00
84009,258,25.00
84153,259,25.00
84298,258,25.00
84442,259,25.00
84587,258,25.00
84731,258,25.00
84876,259,25.00
85023,259,25.00
85167,259,25.00
85312,259,25.00
85456,258,25.00
85601,259,25.00
85745,258,25.00
85890,258,25.00
86034,258,25.00
86179,259,25.00
86323,258,25.00
86468,258,25.00
86612,259,25.00
86757,258,25.00
86903,258,25.00
87048,258,25.00
87192,259,25.00
87337,259,25.00
87481,259,25.00
87626,258,25.00
87770,258,25.00
87915,260,25.00
88059,259,25.00
88204,258,25.00
88348,258,25.00
88493,258,25.00
88637,258,25.00
88782,258,25.00
88926,258,25.00
89071,259,25.00
89215,259,25.00
89362,258,25.00
89507,259,25.00
89652,259,25.00
89796,259,25.00
89941,259,25.00
90085,258,25.00
90230,258,25.00
90374,259,25.00
90519,259,25.00
90663,259,25.00
90808,258,25.00
90954,258,25.00
91099,259,25.00
91243,259,25.00
91388,259,25.00
91532,258,25.00
91677,259,25.00
91821,259,25.00
91966,259,25.00
92110,258,25.00
92255,259,25.00
92400,258,25.00
92544,259,25.00
92689,258,25.00
92833,259,25.00
92978,259,25.00
93122,259,25.00
93267,258,25.00
93411,258,25.00
93556,259,25.00
93703,258,25.00
93847,259,25.00
93992,260,25.00
94136,258,25.00
94281,258,25.00
94426,258,25.00
94570,259,25.00
94715,258,25.00
94861,259,25.00
95005,258,25.00
95150,259,25.00
95294,259,25.00
95439,259,25.00
95584,259,25.00
95728,258,25.00
95873,258,25.00
96017,258,25.00
96162,258,25.00
96306,259,25.00
96451,258,25.00
96595,259,25.00
96740,259,25.00
96884,259,25.00
97029,258,25.00
97173,259,25.00
97318,259,25.00
97462,259,25.00
97607,258,25.00
97751,259,25.00
97896,259,25.00
98043,259,25.00
98187,259,25.00
98332,259,25.00
98476,258,25.00
98621,258,25.00
98765,259,25.00
98911,258,25.00
99056,259,25.00
99200,258,25.00
99345,259,25.00
99489,259,25.00
99633,259,25.00
99778,259,25.00
99922,259,25.00
100066,259,25.00
100211,258,25.00
100355,259,25.00
100500,259,25.00
100644,259,25.00
100788,258,25.00
100933,259,25.00
101077,258,25.00
101222,258,25.00
101366,258,25.00
101511,259,25.00
101655,259,25.00
101799,258,25.00
101944,259,25.00
102088,258,25.00
102233,259,25.00
102375,258,25.00
102519,258,25.00
102664,258,25.00
102808,258,25.00
102954,258,25.00
103099,258,2.00
103243,259,25.00
103387,259,25.00
103532,259,25.00
103676,258,25.00
103821,259,25.00
103965,259,25.00
104110,258,25.00
104254,259,25.00
104398,258,25.00
104543,259,25.00
104687,259,25.00
104831,258,25.00
104976,258,25.00
105120,259,25.00
105265,259,25.00
105409,259,25.00
105554,258,25.00
105698,259,25.00
105842,258,25.00
105987,258,25.00
106131,258,25.00
106276,258,25.00
106423,258,25.00
106567,259,25.00
106712,259,25.00
106858,259,25.00
107003,259,25.00
107147,258,25.00
107292,258,25.00
107436,258,25.00
107581,258,25.00
107725,259,25.00
107870,259,25.00
108014,259,25.00
108159,259,25.00
108303,258,25.00
108448,258,25.00
108592,259,25.00
108737,258,25.00
108881,258,25.00
109026,259,25.00
109170,259,25.00
109315,258,25.00
109459,258,25.00
109604,259,25.00
109748,259,25.00
109893,259,25.00
110037,258,25.00
110182,259,25.00
110327,258,25.00
110474,258,25.00
110618,258,25.00
110763,259,25.00
110909,258,25.00
111054,259,25.00
111198,259,25.00
111343,259,25.00
111487,258,25.00
111632,259,25.00
111776,258,25.00
111921,259,25.00
112065,258,25.00
112210,259,25.00
112354,259,25.00
112499,259,25.00
112643,259,25.00
112788,258,25.00
112933,258,25.00
113077,258,25.00
113222,258,25.00
113366,259,25.00
113511,259,25.00
113655,259,25.00
113800,259,25.00
113944,259,25.00
114089,259,25.00
114233,259,25.00
114378,259,25.00
114522,258,25.00
114670,259,25.00
114816,258,25.00
114960,259,25.00
115105,258,25.00
115250,258,25.00
115394,258,25.00
115539,259,25.00
115683,259,25.00
115827,259,25.00
115972,259,25.00
116116,259,25.00
116261,258,25.00
116405,259,25.00
116550,258,25.00
116695,259,25.00
116839,259,25.00
116984,259,25.00
117128,260,25.00
117273,258,25.00
117417,258,25.00
117562,259,25.00
117706,259,25.00
117851,258,25.00
117995,258,25.00
118140,259,25.00
118284,258,25.00
118429,258,25.00
118573,259,25.00
118720,259,25.00
118867,259,25.00
119011,259,25.00
119156,258,25.00
119300,259,25.00
119445,258,25.00
119589,259,25.00
119734,259,25.00
119878,258,25.00
120023,258,25.00
120167,259,25.00
120312,258,25.00
120456,259,25.00
120601,258,25.00
120745,259,25.00
120890,259,25.00
121034,258,25.00
121179,258,25.00
121323,259,25.00
121468,258,25.00
121613,259,25.00
121757,259,25.00
121902,258,25.00
122046,259,25.00
122191,258,25.00
122335,259,25.00
122480,259,25.00
122624,259,25.00
122769,259,25.00
122918,258,25.00
123062,258,25.00
123207,258,25.00
123351,258,25.00
123496,259,25.00
123640,259,25.00
123785,258,25.00
123929,259,25.00
124074,258,25.00
124219,259,25.00
124363,259,25.00
124508,259,25.00
124652,258,25.00
124797,258,25.00
124941,258,25.00
125086,259,25.00
125230,259,25.00
125375,259,25.00
125519,258,25.00
125664,258,25.00
125808,258,25.00
125953,259,25.00
126097,258,25.00
126242,258,25.00
126386,258,25.00
126531,258,25.00
126675,259,25.00
126822,257,25.00
126969,259,25.00
127113,258,25.00
127258,259,25.00
127402,259,25.00
127547,258,25.00
127691,259,25.00
127836,258,25.00
127980,258,25.00
128125,258,25.00
128270,259,25.00
128414,259,25.00
128559,258,25.00
128703,258,25.00
128848,259,25.00
128992,259,25.00
129137,258,25.00
129281,259,25.00
129426,258,25.00
129570,258,25.00
129715,259,25.00
129859,259,25.00
130004,259,25.00
130148,259,25.00
130293,259,25.00
130438,259,25.00
130582,259,25.00
130727,259,25.00
130873,259,25.00
131018,259,25.00
131165,258,25.00
131309,259,25.00
131453,259,25.00
131598,259,25.00
131742,259,25.00
131887,258,25.00
132031,259,25.00
132175,258,25.00
132320,258,25.00
132464,259,25.00
132609,258,25.00
132753,258,25.00
132897,259,25.00
133042,258,25.00
133186,259,25.00
133331,258,25.00
133475,259,25.00
133620,259,25.00
133764,259,25.00
133908,258,25.00
134053,259,25.00
134197,258,25.00
134341,259,25.00
134486,259,25.00
134630,258,25.00
134777,259,25.00
134921,259,25.00
135065,259,25.00
135212,259,25.00
135357,259,25.00
135501,260,25.00
135646,259,25.00
135790,259,25.00
135934,259,25.00
136079,258,25.00
136223,259,25.00
136367,258,25.00
136512,259,25.00
136656,259,25.00
136801,259,25.00
136945,258,25.00
137089,258,25.00
137234,259,25.00
137378,259,25.00
137523,258,25.00
137667,258,25.00
137812,259,25.00
137956,258,25.00
138100,258,25.00
138245,259,25.00
138389,258,25.00
138533,259,25.00
138678,259,25.00
138824,258,25.00
138968,258,25.00
139113,259,25.00
139257,258,25.00
139400,258,25.00
139544,259,25.00
139689,258,25.00
139833,259,25.00
139978,258,25.00
140122,259,25.00
140267,259,25.00
140412,258,25.00
140556,258,25.00
140701,259,25.00
140845,259,25.00
140989,258,25.00
141134,258,25.00
141279,258,25.00
141423,258,25.00
141568,258,25.00
141712,259,25.00
141857,258,25.00
142001,259,25.00
142146,259,25.00
142290,259,25.00
142435,259,25.00
142579,259,25.00
142724,258,25.00
142870,259,25.00
143015,258,25.00
143159,259,25.00
143304,258,25.00
143451,259,25.00
143595,258,25.00
143740,259,25.00
143884,258,25.00
144029,259,25.00
144174,258,25.00
144318,258,25.00
144463,259,25.00
144607,258,25.00
144752,258,25.00
144896,259,25.00
145041,259,25.00
145185,258,25.00
145330,258,25.00
145474,259,25.00
145619,257,25.00
145763,259,25.00
145908,257,25.00
146052,259,25.00
146197,259,25.00
146341,259,25.00
146486,259,25.00
146631,258,25.00
146775,258,25.00
146922,258,25.00
147066,258,25.00
147211,258,25.00
147355,259,25.00
147502,258,25.00
147647,259,25.00
147791,259,25.00
147936,258,25.00
148080,258,25.00
148225,259,25.00
148369,259,25.00
148514,259,25.00
148658,258,25.00
148803,258,25.00
148947,259,25.00
149092,258,25.00
149236,259,25.00
149381,259,25.00
149526,259,25.00
149670,259,25.00
149815,259,25.00
149959,258,25.00
150104,258,25.00
150248,258,25.00
150392,258,25.00
150537,259,25.00
150682,259,25.00
150828,258,25.00
150972,258,25.00
151117,258,25.00
151261,259,25.00
151406,258,25.00
151551,259,25.00
151698,259,25.00
151842,258,25.00
151987,258,25.00
152131,259,25.00
152276,259,25.00
152420,258,25.00
152565,258,25.00
152709,259,25.00
152854,258,25.00
152998,258,25.00
153143,259,25.00
153287,260,25.00
153432,259,25.00
153576,259,25.00
153721,259,25.00
153865,258,25.00
154010,259,25.00
154154,258,25.00
154299,259,25.00
154443,259,25.00
154588,258,25.00
154732,259,25.00
154879,259,25.00
155023,258,25.00
155168,259,25.00
155312,258,25.00
155457,258,25.00
155601,258,25.00
155748,259,25.00
155893,259,25.00
156038,259,25.00
156182,258,25.00
156327,258,25.00
156471,258,25.00
156616,259,25.00
156760,258,25.00
156905,259,25.00
157049,259,25.00
157194,259,25.00
157338,259,25.00
157483,259,25.00
157627,258,25.00
157772,258,25.00
157916,259,25.00
158061,259,25.00
158205,259,25.00
158350,259,25.00
158494,258,25.00
158639,258,25.00
158785,258,25.00
158930,258,25.00
159074,259,25.00
159219,259,25.00
159363,258,25.00
159508,258,25.00
159652,259,25.00
159797,258,25.00
159944,259,25.00
160089,258,25.00
160233,258,25.00
160378,258,25.00
160522,259,25.00
160667,258,25.00
160811,259,25.00
160956,258,25.00
161100,258,25.00
161245,259,25.00
161389,258,25.00
161534,259,25.00
161678,258,25.00
161823,258,25.00
161967,259,25.00
162112,259,25.00
162256,259,25.00
162401,258,25.00
162545,259,25.00
162690,258,25.00
162836,259,25.00
162981,259,25.00
163126,259,25.00
163270,259,25.00
163415,259,25.00
163559,258,25.00
163704,258,25.00
163848,258,25.00
163995,259,25.00
164140,258,25.00
164284,258,25.00
164428,259,25.00
164573,259,25.00
164717,259,25.00
164862,258,25.00
165006,259,25.00
165150,258,25.00
165295,258,25.00
165439,258,25.00
165584,258,25.00
165728,258,25.00
165872,259,25.00
166017,259,25.00
166161,259,25.00
166305,258,25.00
166450,259,25.00
166594,259,25.00
166740,259,25.00
166885,258,25.00
167029,259,25.00
167174,258,25.00
167318,258,25.00
167463,258,25.00
167607,258,25.00
167751,258,25.00
167896,258,25.00
168040,257,25.00
168187,259,25.00
168332,259,25.00
168476,259,25.00
168620,259,25.00
168765,258,25.00
168909,258,25.00
169054,259,25.00
169198,258,25.00
169342,258,25.00
169487,259,25.00
169631,259,25.00
169776,259,25.00
169920,258,25.00
170065,259,25.00
170209,258,25.00
170353,258,25.00
170498,259,25.00
170642,259,25.00
170788,259,25.00
170933,259,25.00
171077,258,25.00
171221,259,25.00
171366,258,25.00
171510,258,25.00
171655,259,25.00
171799,258,25.00
171943,259,25.00
172088,258,25.00
172235,258,25.00
172380,259,25.00
172524,258,25.00
172669,258,25.00
172813,259,25.00
172958,259,25.00
173102,259,25.00
173247,258,25.00
173391,260,25.00
173536,258,25.00
173680,259,25.00
173825,259,25.00
173969,258,25.00
174114,258,25.00
174258,259,25.00
174403,259,25.00
174548,259,25.00
174692,258,25.00
174838,258,25.00
174983,259,25.00
175127,258,25.00
175272,258,25.00
175416,259,25.00
175561,259,25.00
175705,259,25.00
175850,258,25.00
175995,259,25.00
176139,259,25.00
176284,258,25.00
176426,259,25.00
176571,258,25.00
176715,258,25.00
176860,258,25.00
177004,258,25.00
177149,258,25.00
177293,258,25.00
177438,258,25.00
177582,259,25.00
177727,259,25.00
177871,258,25.00
178016,259,25.00
178160,259,25.00
178305,258,25.00
178449,258,25.00
178594,259,25.00
178739,259,25.00
178885,258,25.00
179030,258,25.00
179174,258,25.00
179319,258,25.00
179463,258,25.00
179608,258,25.00
179752,258,25.00
179897,259,25.00
180041,259,25.00
180186,258,25.00
180330,258,25.00
180477,258,25.00
180622,259,25.00
180766,259,25.00
180911,258,25.00
181056,259,25.00
181200,259,25.00
181345,259,25.00
181489,259,25.00
181634,258,25.00
181778,258,25.00
181923,259,25.00
182067,258,25.00
182212,258,25.00
182356,258,25.00
182501,259,25.00
182645,259,25.00
182791,258,25.00
182936,259,25.00
183081,258,25.00
183225,259,25.00
183370,257,25.00
183514,259,25.00
183659,259,25.00
183803,258,25.00
183948,259,25.00
184092,259,25.00
184237,259,25.00
184381,259,25.00
184528,258,25.00
184673,259,25.00
184817,258,25.00
184962,259,25.00
185106,258,25.00
185251,259,25.00
185395,258,25.00
185540,258,25.00
185685,259,25.00
185829,258,25.00
185974,259,25.00
186118,258,25.00
186263,259,25.00
186407,259,25.00
186552,258,25.00
186696,258,25.00
186842,258,25.00
186987,258,25.00
187131,258,25.00
187276,258,25.00
187420,258,25.00
187565,259,25.00
187710,257,25.00
187854,259,25.00
187999,259,25.00
188143,258,25.00
188288,259,25.00
188432,259,25.00
188577,258,25.00
188724,259,25.00
188868,259,25.00
189013,257,25.00
189157,258,25.00
189302,259,25.00
189446,258,25.00
189591,258,25.00
189736,258,25.00
189880,259,25.00
190025,258,25.00
190169,259,25.00
190314,258,25.00
190458,258,25.00
190603,259,25.00
190749,258,25.00
190894,258,25.00
191038,259,25.00
191183,259,25.00
191327,258,25.00
191472,259,25.00
191616,258,25.00
191761,259,25.00
191905,259,25.00
192050,258,25.00
192194,259,25.00
192339,258,25.00
192483,258,25.00
192628,258,25.00
192775,258,25.00
192920,258,25.00
193064,258,25.00
193209,259,25.00
193353,258,25.00
193498,258,25.00
193642,258,25.00
193787,259,25.00
193931,258,25.00
194076,258,25.00
194220,258,25.00
194365,258,25.00
194510,258,25.00
194654,259,25.00
194801,259,25.00
194945,259,25.00
195090,259,25.00
195234,258,25.00
195379,259,25.00
195523,257,25.00
195668,258,25.00
195812,259,25.00
195957,258,25.00
196101,258,25.00
196246,258,25.00
196390,258,25.00
196535,258,25.00
196679,258,25.00
196824,259,25.00
196971,259,25.00
197116,259,25.00
197260,259,25.00
197404,259,25.00
197549,259,25.00
197693,259,25.00
197837,258,25.00
197982,259,25.00
198126,258,25.00
198271,258,25.00
198415,258,25.00
198559,259,25.00
198706,258,25.00
198850,258,25.00
198994,258,25.00
199139,258,25.00
199283,259,25.00
199428,259,25.00
199572,258,25.00
199717,258,25.00
199861,258,25.00
200005,258,25.00
200150,258,25.00
200294,258,25.00
200438,259,25.00
200583,258,25.00
200727,259,25.00
200872,258,25.00
201019,258,25.00
201163,259,25.00
201307,258,25.00
201452,258,25.00
201596,259,25.00
201741,258,25.00
201885,259,25.00
202030,259,25.00
202174,258,25.00
202318,258,25.00
202463,258,25.00
202607,259,25.00
202753,258,25.00
202898,258,25.00
203042,258,25.00
203186,259,25.00
203331,259,25.00
203475,258,25.00
203620,258,25.00
203764,259,25.00
203908,259,25.00
204053,258,25.00
204197,258,25.00
204342,258,25.00
204486,258,25.00
204630,258,25.00
204775,259,25.00
204919,258,25.00
205064,259,25.00
205211,259,25.00
205355,258,25.00
205500,258,25.00
205644,258,25.00
205789,258,25.00
205933,258,25.00
206078,259,25.00
206222,258,25.00
206367,260,25.00
206512,258,25.00
206656,258,25.00
206802,258,25.00
206947,258,25.00
207091,258,25.00
207236,258,25.00
207380,258,25.00
207525,259,25.00
207669,258,25.00
207814,258,25.00
207958,259,25.00
208103,258,25.00
208247,259,25.00
208392,258,25.00
208537,258,25.00
208681,259,25.00
208826,259,25.00
208970,258,25.00
209115,258,25.00
209262,259,25.00
209406,259,25.00
209551,258,25.00
209695,258,25.00
209840,259,25.00
209984,259,25.00
210129,259,25.00
210273,258,25.00
210418,258,25.00
210563,258,25.00
210709,259,25.00
210854,259,25.00
210998,258,25.00
211143,259,25.00
211287,258,25.00
211432,258,25.00
211576,259,25.00
211721,259,25.00
211865,258,25.00
212010,260,25.00
212154,259,25.00
212299,258,25.00
212443,258,25.00
212588,258,25.00
212732,258,25.00
212877,258,25.00
213021,258,25.00
213166,258,25.00
213311,259,25.00
213453,258,25.00
213597,258,25.00
213742,258,25.00
213886,258,25.00
214031,258,25.00
214175,259,25.00
214320,259,25.00
214464,258,25.00
214609,258,25.00
214755,259,25.00
214900,258,25.00
215044,259,25.00
215189,258,25.00
215333,258,25.00
215478,259,25.00
215623,258,25.00
215767,258,25.00
215912,259,25.00
216056,259,25.00
216200,259,25.00
216345,259,25.00
216489,258,25.00
216634,258,25.00
216779,258,25.00
216923,259,25.00
217068,259,25.00
217212,258,25.00
217357,260,25.00
217504,259,25.00
217648,258,25.00
217794,259,25.00
217939,258,25.00
218084,259,25.00
218229,258,25.00
218374,259,25.00
218518,259,25.00
218664,257,25.00
218810,258,25.00
218955,259,25.00
219101,258,25.00
219246,259,25.00
219391,258,25.00
219536,258,25.00

